ParkCode,Day,Hours
abli,sunday,9:00AM - 5:00PM
abli,monday,9:00AM - 5:00PM
abli,tuesday,9:00AM - 5:00PM
abli,wednesday,9:00AM - 5:00PM
abli,thursday,9:00AM - 5:00PM
abli,friday,9:00AM - 5:00PM
abli,saturday,9:00AM - 5:00PM
acad,sunday,All Day
acad,monday,All Day
acad,tuesday,All Day
acad,wednesday,All Day
acad,thursday,All Day
acad,friday,All Day
acad,saturday,All Day
adam,sunday,10:00AM - 4:00PM
adam,monday,Closed
adam,tuesday,Closed
adam,wednesday,10:00AM - 4:00PM
adam,thursday,10:00PM - 4:00PM
adam,friday,10:00AM - 4:00PM
adam,saturday,10:00AM - 4:00PM
afam,sunday,All Day
afam,monday,All Day
afam,tuesday,All Day
afam,wednesday,All Day
afam,thursday,All Day
afam,friday,All Day
afam,saturday,All Day
afbg,sunday,Closed
afbg,monday,Closed
afbg,tuesday,10:00AM - 4:00PM
afbg,wednesday,10:00AM - 4:00PM
afbg,thursday,10:00AM - 4:00PM
afbg,friday,10:00AM - 4:00PM
afbg,saturday,10:00AM - 4:00PM
agfo,sunday,Sunrise to Sunset
agfo,monday,Sunrise to Sunset
agfo,tuesday,Sunrise to Sunset
agfo,wednesday,Sunrise to Sunset
agfo,thursday,Sunrise to Sunset
agfo,friday,Sunrise to Sunset
agfo,saturday,Sunrise to Sunset
alka,sunday,Sunrise to Sunset
alka,monday,Sunrise to Sunset
alka,tuesday,Sunrise to Sunset
alka,wednesday,Sunrise to Sunset
alka,thursday,Sunrise to Sunset
alka,friday,Sunrise to Sunset
alka,saturday,Sunrise to Sunset
alag,sunday,All Day
alag,monday,All Day
alag,tuesday,All Day
alag,wednesday,All Day
alag,thursday,All Day
alag,friday,All Day
alag,saturday,All Day
anch,sunday,Closed
anch,monday,Closed
anch,tuesday,Closed
anch,wednesday,Closed
anch,thursday,Closed
anch,friday,Closed
anch,saturday,Closed
alca,sunday,10:00AM - 9:00PM
alca,monday,10:00AM - 9:00PM
alca,tuesday,10:00AM - 9:00PM
alca,wednesday,10:00AM - 9:00PM
alca,thursday,10:00AM - 9:00PM
alca,friday,10:00AM - 9:00PM
alca,saturday,10:00AM - 9:00PM
aleu,sunday,9:00AM - 10:00AM
aleu,monday,9:00AM - 10:00AM
aleu,tuesday,9:00AM - 10:00AM
aleu,wednesday,9:00AM - 10:00AM
aleu,thursday,9:00AM - 10:00AM
aleu,friday,9:00AM - 10:00AM
aleu,saturday,9:00AM - 10:00AM
alfl,sunday,9:00AM - 4:00PM
alfl,monday,9:00AM - 4:00PM
alfl,tuesday,9:00AM - 4:00AM
alfl,wednesday,9:00AM - 4:00PM
alfl,thursday,9:00AM - 4:00PM
alfl,friday,9:00AM - 4:00PM
alfl,saturday,9:00AM - 4:00PM
alpo,sunday,9:00AM - 5:00PM
alpo,monday,9:00AM - 5:00PM
alpo,tuesday,9:00AM - 5:00PM
alpo,wednesday,9:00AM - 5:00PM
alpo,thursday,9:00AM - 5:00PM
alpo,friday,9:00AM - 5:00PM
alpo,saturday,9:00AM - 5:00PM
amme,sunday,All Day
amme,monday,All Day
amme,tuesday,All Day
amme,wednesday,All Day
amme,thursday,All Day
amme,friday,All Day
amme,saturday,All Day
amis,sunday,All Day
amis,monday,All Day
amis,tuesday,All Day
amis,wednesday,All Day
amis,thursday,All Day
amis,friday,All Day
amis,saturday,All Day
anac,sunday,Sunrise to Sunset
anac,monday,Sunrise to Sunset
anac,tuesday,Sunrise to Sunset
anac,wednesday,Sunrise to Sunset
anac,thursday,Sunrise to Sunset
anac,friday,Sunrise to Sunset
anac,saturday,Sunrise to Sunset
ande,sunday,8:00AM - 5:00PM
ande,monday,8:00AM - 5:00PM
ande,tuesday,8:00AM - 5:00PM
ande,wednesday,8:00AM - 5:00PM
ande,thursday,8:00AM - 5:00PM
ande,friday,8:00AM - 5:00PM
ande,saturday,8:00AM - 5:00PM
anjo,sunday,9:00AM - 4:00PM
anjo,monday,9:00AM - 4:00PM
anjo,tuesday,9:00AM - 4:00PM
anjo,wednesday,9:00AM - 4:00PM
anjo,thursday,9:00AM - 4:00PM
anjo,friday,9:00AM - 4:00PM
anjo,saturday,9:00AM - 4:00PM
ania,sunday,All Day
ania,monday,All Day
ania,tuesday,All Day
ania,wednesday,All Day
ania,thursday,All Day
ania,friday,All Day
ania,saturday,All Day
anti,sunday,9:00AM - 5:00PM
anti,monday,9:00AM - 5:00PM
anti,tuesday,9:00AM - 5:00PM
anti,wednesday,9:00AM - 5:00PM
anti,thursday,9:00AM - 5:00PM
anti,friday,9:00AM - 5:00PM
anti,saturday,9:00AM - 5:00PM
apis,sunday,All Day
apis,monday,All Day
apis,tuesday,All Day
apis,wednesday,All Day
apis,thursday,All Day
apis,friday,All Day
apis,saturday,All Day
appa,sunday,All Day
appa,monday,All Day
appa,tuesday,All Day
appa,wednesday,All Day
appa,thursday,All Day
appa,friday,All Day
appa,saturday,All Day
apco,sunday,9:00AM - 5:00PM
apco,monday,9:00AM - 5:00PM
apco,tuesday,9:00AM - 5:00PM
apco,wednesday,9:00AM - 5:00PM
apco,thursday,9:00AM - 5:00PM
apco,friday,9:00AM - 5:00PM
apco,saturday,9:00AM - 5:00PM
arch,sunday,All Day
arch,monday,All Day
arch,tuesday,All Day
arch,wednesday,All Day
arch,thursday,All Day
arch,friday,All Day
arch,saturday,All Day
arpo,sunday,7:00AM - Sunset
arpo,monday,7:00AM - Sunset
arpo,tuesday,7:00AM - Sunset
arpo,wednesday,7:00AM - Sunset
arpo,thursday,7:00AM - Sunset
arpo,friday,7:00AM - Sunset
arpo,saturday,7:00AM - Sunset
arho,sunday,9:00AM - 4:30PM
arho,monday,9:00AM - 4:30PM
arho,tuesday,9:00AM - 4:30PM
arho,wednesday,9:00AM - 4:30PM
arho,thursday,9:00AM - 4:30PM
arho,friday,9:00AM - 4:30PM
arho,saturday,9:00AM - 4:30PM
asis,sunday,All Day
asis,monday,All Day
asis,tuesday,All Day
asis,wednesday,All Day
asis,thursday,All Day
asis,friday,All Day
asis,saturday,All Day
azru,sunday,9:00AM - 5:00PM
azru,monday,9:00AM - 5:00PM
azru,tuesday,9:00AM - 5:00PM
azru,wednesday,9:00AM - 5:00PM
azru,thursday,9:00AM - 5:00PM
azru,friday,9:00AM - 5:00PM
azru,saturday,9:00AM - 5:00PM
badl,sunday,All Day
badl,monday,All Day
badl,tuesday,All Day
badl,wednesday,All Day
badl,thursday,All Day
badl,friday,All Day
badl,saturday,All Day
bawa,sunday,All Day
bawa,monday,All Day
bawa,tuesday,All Day
bawa,wednesday,All Day
bawa,thursday,All Day
bawa,friday,All Day
bawa,saturday,All Day
band,sunday,Sunrise to Sunset
band,monday,Sunrise to Sunset
band,tuesday,Sunrise to Sunset
band,wednesday,Sunrise to Sunset
band,thursday,Sunrise to Sunset
band,friday,Sunrise to Sunset
band,saturday,Sunrise to Sunset
bepa,sunday,9:00AM - 5:00PM
bepa,monday,Closed
bepa,tuesday,Closed
bepa,wednesday,9:00AM - 5:00PM
bepa,thursday,9:00AM - 5:00PM
bepa,friday,9:00AM - 5:00PM
bepa,saturday,9:00AM - 5:00PM
beol,sunday,unknown
beol,monday,unknown
beol,tuesday,unknown
beol,wednesday,unknown
beol,thursday,unknown
beol,friday,unknown
beol,saturday,unknown
bela,sunday,All Day
bela,monday,All Day
bela,tuesday,All Day
bela,wednesday,All Day
bela,thursday,All Day
bela,friday,All Day
bela,saturday,All Day
bibe,sunday,All Day
bibe,monday,All Day
bibe,tuesday,All Day
bibe,wednesday,All Day
bibe,thursday,All Day
bibe,friday,All Day
bibe,saturday,All Day
bicy,sunday,All Day
bicy,monday,All Day
bicy,tuesday,All Day
bicy,wednesday,All Day
bicy,thursday,All Day
bicy,friday,All Day
bicy,saturday,All Day
biho,sunday,Sunrise to Sunset
biho,monday,Sunrise to Sunset
biho,tuesday,Sunrise to Sunset
biho,wednesday,Sunrise to Sunset
biho,thursday,Sunrise to Sunset
biho,friday,Sunrise to Sunset
biho,saturday,Sunrise to Sunset
biso,sunday,All Day
biso,monday,All Day
biso,tuesday,All Day
biso,wednesday,All Day
biso,thursday,All Day
biso,friday,All Day
biso,saturday,All Day
bith,sunday,All Day
bith,monday,All Day
bith,tuesday,All Day
bith,wednesday,All Day
bith,thursday,All Day
bith,friday,All Day
bith,saturday,All Day
bica,sunday,Closed
bica,monday,Closed
bica,tuesday,8:30AM - 4:30PM
bica,wednesday,8:30AM - 4:30PM
bica,thursday,8:30AM - 4:30PM
bica,friday,8:30AM - 4:30PM
bica,saturday,8:30AM - 4:30PM
bicr,sunday,Closed
bicr,monday,Closed
bicr,tuesday,Closed
bicr,wednesday,10:00AM - 3:00PM
bicr,thursday,10:00AM - 3:00PM
bicr,friday,10:00AM - 3:00PM
bicr,saturday,10:00AM - 3:00PM
bisc,sunday,All Day
bisc,monday,All Day
bisc,tuesday,All Day
bisc,wednesday,All Day
bisc,thursday,All Day
bisc,friday,All Day
bisc,saturday,All Day
blca,sunday,All Day
blca,monday,All Day
blca,tuesday,All Day
blca,wednesday,All Day
blca,thursday,All Day
blca,friday,All Day
blca,saturday,All Day
blrv,sunday,All Day
blrv,monday,All Day
blrv,tuesday,All Day
blrv,wednesday,All Day
blrv,thursday,All Day
blrv,friday,All Day
blrv,saturday,All Day
blri,sunday,All Day
blri,monday,All Day
blri,tuesday,All Day
blri,wednesday,All Day
blri,thursday,All Day
blri,friday,All Day
blri,saturday,All Day
blue,sunday,All Day
blue,monday,All Day
blue,tuesday,All Day
blue,wednesday,All Day
blue,thursday,All Day
blue,friday,All Day
blue,saturday,All Day
bowa,sunday,9:00AM - 5:00PM
bowa,monday,9:00AM - 5:00PM
bowa,tuesday,9:00AM - 5:00PM
bowa,wednesday,9:00AM - 5:00PM
bowa,thursday,9:00AM - 5:00PM
bowa,friday,9:00AM - 5:00PM
bowa,saturday,9:00AM - 5:00PM
boaf,sunday,Closed
boaf,monday,10:00AM - 4:00PM
boaf,tuesday,10:00AM - 4:00PM
boaf,wednesday,10:00AM - 4:00PM
boaf,thursday,10:00AM - 4:00PM
boaf,friday,10:00AM - 4:00PM
boaf,saturday,10:00AM - 4:00PM
boha,sunday,All Day
boha,monday,All Day
boha,tuesday,All Day
boha,wednesday,All Day
boha,thursday,All Day
boha,friday,All Day
boha,saturday,All Day
bost,sunday,9:00AM - 5:00PM
bost,monday,9:00AM - 5:00PM
bost,tuesday,9:00AM - 5:00PM
bost,wednesday,9:00AM - 5:00PM
bost,thursday,9:00AM - 5:00PM
bost,friday,9:00AM - 5:00PM
bost,saturday,9:00AM - 5:00PM
brcr,sunday,Sunrise to Sunset
brcr,monday,Sunrise to Sunset
brcr,tuesday,Sunrise to Sunset
brcr,wednesday,Sunrise to Sunset
brcr,thursday,Sunrise to Sunset
brcr,friday,Sunrise to Sunset
brcr,saturday,Sunrise to Sunset
brvb,sunday,Closed
brvb,monday,Closed
brvb,tuesday,9:00AM - 5:00PM
brvb,wednesday,9:00AM - 5:00PM
brvb,thursday,9:00AM - 5:00PM
brvb,friday,9:00AM - 5:00PM
brvb,saturday,9:00AM - 5:00PM
brca,sunday,All Day
brca,monday,All Day
brca,tuesday,All Day
brca,wednesday,All Day
brca,thursday,All Day
brca,friday,All Day
brca,saturday,All Day
buis,sunday,7:00AM - 4:00PM
buis,monday,7:00AM - 4:00PM
buis,tuesday,7:00AM - 4:00PM
buis,wednesday,7:00AM - 4:00PM
buis,thursday,7:00AM - 4:00PM
buis,friday,7:00AM - 4:00PM
buis,saturday,7:00AM - 4:00PM
buff,sunday,All Day
buff,monday,All Day
buff,tuesday,All Day
buff,wednesday,All Day
buff,thursday,All Day
buff,friday,All Day
buff,saturday,All Day
cabr,sunday,9:00AM - 5:00PM
cabr,monday,9:00AM - 5:00PM
cabr,tuesday,9:00AM - 5:00PM
cabr,wednesday,9:00AM - 5:00PM
cabr,thursday,9:00AM - 5:00PM
cabr,friday,9:00AM - 5:00PM
cabr,saturday,9:00AM - 5:00PM
cali,sunday,All Day
cali,monday,All Day
cali,tuesday,All Day
cali,wednesday,All Day
cali,thursday,All Day
cali,friday,All Day
cali,saturday,All Day
cane,sunday,9:00AM - 5:00PM
cane,monday,Closed
cane,tuesday,Closed
cane,wednesday,9:00AM - 5:00PM
cane,thursday,9:00AM - 5:00PM
cane,friday,9:00AM - 5:00PM
cane,saturday,9:00AM - 5:00PM
cana,sunday,6:00AM - 8:00PM
cana,monday,6:00AM - 8:00PM
cana,tuesday,6:00AM - 8:00PM
cana,wednesday,6:00AM - 8:00PM
cana,thursday,6:00AM - 8:00PM
cana,friday,6:00AM - 8:00PM
cana,saturday,6:00AM - 8:00PM
cari,sunday,9:00AM - 3:30PM
cari,monday,9:00AM - 3:30PM
cari,tuesday,9:00AM - 3:30PM
cari,wednesday,9:00AM - 3:30PM
cari,thursday,9:00AM - 3:30PM
cari,friday,9:00AM - 3:30PM
cari,saturday,9:00AM - 3:30PM
cach,sunday,Sunrise to Sunset
cach,monday,Sunrise to Sunset
cach,tuesday,Sunrise to Sunset
cach,wednesday,Sunrise to Sunset
cach,thursday,Sunrise to Sunset
cach,friday,Sunrise to Sunset
cach,saturday,Sunrise to Sunset
cany,sunday,All Day
cany,monday,All Day
cany,tuesday,All Day
cany,wednesday,All Day
cany,thursday,All Day
cany,friday,All Day
cany,saturday,All Day
caco,sunday,Opens at 6:00AM
caco,monday,Opens at 6:00AM
caco,tuesday,Opens at 6:00AM
caco,wednesday,Opens at 6:00AM
caco,thursday,Opens at 6:00AM
caco,friday,Opens at 6:00AM
caco,saturday,Opens at 6:00AM
caha,sunday,All Day
caha,monday,All Day
caha,tuesday,All Day
caha,wednesday,All Day
caha,thursday,All Day
caha,friday,All Day
caha,saturday,All Day
came,sunday,Sunrise to Sunset
came,monday,Sunrise to Sunset
came,tuesday,Sunrise to Sunset
came,wednesday,Sunrise to Sunset
came,thursday,Sunrise to Sunset
came,friday,Sunrise to Sunset
came,saturday,Sunrise to Sunset
cakr,sunday,All Day
cakr,monday,All Day
cakr,tuesday,All Day
cakr,wednesday,All Day
cakr,thursday,All Day
cakr,friday,All Day
cakr,saturday,All Day
calo,sunday,All Day
calo,monday,All Day
calo,tuesday,All Day
calo,wednesday,All Day
calo,thursday,All Day
calo,friday,All Day
calo,saturday,All Day
cahi,sunday,Sunrise to Sunset
cahi,monday,Sunrise to Sunset
cahi,tuesday,Sunrise to Sunset
cahi,wednesday,Sunrise to Sunset
cahi,thursday,Sunrise to Sunset
cahi,friday,Sunrise to Sunset
cahi,saturday,Sunrise to Sunset
care,sunday,All Day
care,monday,All Day
care,tuesday,All Day
care,wednesday,All Day
care,thursday,All Day
care,friday,All Day
care,saturday,All Day
cajo,sunday,All Day
cajo,monday,All Day
cajo,tuesday,All Day
cajo,wednesday,All Day
cajo,thursday,All Day
cajo,friday,All Day
cajo,saturday,All Day
cavo,sunday,Sunrise to Sunset
cavo,monday,Sunrise to Sunset
cavo,tuesday,Sunrise to Sunset
cavo,wednesday,Sunrise to Sunset
cavo,thursday,Sunrise to Sunset
cavo,friday,Sunrise to Sunset
cavo,saturday,Sunrise to Sunset
carl,sunday,Sunrise to Sunset
carl,monday,Sunrise to Sunset
carl,tuesday,Sunrise to Sunset
carl,wednesday,Sunrise to Sunset
carl,thursday,Sunrise to Sunset
carl,friday,Sunrise to Sunset
carl,saturday,Sunrise to Sunset
cave,sunday,8:00AM - 2:15PM
cave,monday,8:00AM - 2:15PM
cave,tuesday,8:00AM - 2:15PM
cave,wednesday,8:00AM - 2:15PM
cave,thursday,8:00AM - 2:15PM
cave,friday,8:00AM - 2:15PM
cave,saturday,8:00AM - 2:15PM
cawo,sunday,Closed
cawo,monday,Closed
cawo,tuesday,Closed
cawo,wednesday,Closed
cawo,thursday,Closed
cawo,friday,Closed
cawo,saturday,Closed
cagr,sunday,Closed
cagr,monday,Closed
cagr,tuesday,9:00AM - 4:00PM
cagr,wednesday,9:00AM - 4:00PM
cagr,thursday,9:00AM - 4:00PM
cagr,friday,9:00AM - 4:00PM
cagr,saturday,9:00AM - 4:00PM
casa,sunday,9:00AM - 5:00PM
casa,monday,9:00AM - 5:00PM
casa,tuesday,9:00AM - 5:00PM
casa,wednesday,9:00AM - 5:00PM
casa,thursday,9:00AM - 5:00PM
casa,friday,9:00AM - 5:00PM
casa,saturday,9:00AM - 5:00PM
cacl,sunday,7:45AM - 5:00PM
cacl,monday,7:45AM - 5:00PM
cacl,tuesday,7:45AM - 5:00PM
cacl,wednesday,7:45AM - 5:00PM
cacl,thursday,7:45AM - 5:00PM
cacl,friday,7:45AM - 5:00PM
cacl,saturday,7:45AM - 5:00PM
camo,sunday,All Day
camo,monday,All Day
camo,tuesday,All Day
camo,wednesday,All Day
camo,thursday,All Day
camo,friday,All Day
camo,saturday,All Day
cato,sunday,Sunrise to Sunset
cato,monday,Sunrise to Sunset
cato,tuesday,Sunrise to Sunset
cato,wednesday,Sunrise to Sunset
cato,thursday,Sunrise to Sunset
cato,friday,Sunrise to Sunset
cato,saturday,Sunrise to Sunset
cebr,sunday,All Day
cebr,monday,All Day
cebr,tuesday,All Day
cebr,wednesday,All Day
cebr,thursday,All Day
cebr,friday,All Day
cebr,saturday,All Day
cebe,sunday,Sunrise to Sunset
cebe,monday,Sunrise to Sunset
cebe,tuesday,Sunrise to Sunset
cebe,wednesday,Sunrise to Sunset
cebe,thursday,Sunrise to Sunset
cebe,friday,Sunrise to Sunset
cebe,saturday,Sunrise to Sunset
chcu,sunday,8:00AM - 4:00PM
chcu,monday,8:00AM - 4:00PM
chcu,tuesday,8:00AM - 4:00PM
chcu,wednesday,8:00AM - 4:00PM
chcu,thursday,8:00AM - 4:00PM
chcu,friday,8:00AM - 4:00PM
chcu,saturday,8:00AM - 4:00PM
cham,sunday,7:00AM - 10:00PM
cham,monday,7:00AM - 10:00PM
cham,tuesday,7:00AM - 10:00PM
cham,wednesday,7:00AM - 10:00PM
cham,thursday,7:00AM - 10:00PM
cham,friday,7:00AM - 10:00PM
cham,saturday,7:00AM - 10:00PM
chis,sunday,All Day
chis,monday,All Day
chis,tuesday,All Day
chis,wednesday,All Day
chis,thursday,All Day
chis,friday,All Day
chis,saturday,All Day
chpi,sunday,9:00AM - 5:00PM
chpi,monday,Closed
chpi,tuesday,Closed
chpi,wednesday,9:00AM - 5:00PM
chpi,thursday,9:00AM - 5:00PM
chpi,friday,9:00AM - 5:00PM
chpi,saturday,9:00AM - 5:00PM
chyo,sunday,Sunrise to Sunset
chyo,monday,Sunrise to Sunset
chyo,tuesday,Sunrise to Sunset
chyo,wednesday,Sunrise to Sunset
chyo,thursday,Sunrise to Sunset
chyo,friday,Sunrise to Sunset
chyo,saturday,Sunrise to Sunset
chat,sunday,Sunrise to Sunset
chat,monday,Sunrise to Sunset
chat,tuesday,Sunrise to Sunset
chat,wednesday,Sunrise to Sunset
chat,thursday,Sunrise to Sunset
chat,friday,Sunrise to Sunset
chat,saturday,Sunrise to Sunset
choh,sunday,Sunrise to Sunset
choh,monday,Sunrise to Sunset
choh,tuesday,Sunrise to Sunset
choh,wednesday,Sunrise to Sunset
choh,thursday,Sunrise to Sunset
choh,friday,Sunrise to Sunset
choh,saturday,Sunrise to Sunset
cbpo,sunday,Closed
cbpo,monday,9:00AM - 4:00PM
cbpo,tuesday,9:00AM - 4:00PM
cbpo,wednesday,9:00AM - 4:00PM
cbpo,thursday,9:00AM - 4:00PM
cbpo,friday,9:00AM - 4:00PM
cbpo,saturday,Closed
chch,sunday,Sunrise to Sunset
chch,monday,Sunrise to Sunset
chch,tuesday,Sunrise to Sunset
chch,wednesday,Sunrise to Sunset
chch,thursday,Sunrise to Sunset
chch,friday,Sunrise to Sunset
chch,saturday,Sunrise to Sunset
chic,sunday,All Day
chic,monday,All Day
chic,tuesday,All Day
chic,wednesday,All Day
chic,thursday,All Day
chic,friday,All Day
chic,saturday,All Day
chir,sunday,All Day
chir,monday,All Day
chir,tuesday,All Day
chir,wednesday,All Day
chir,thursday,All Day
chir,friday,All Day
chir,saturday,All Day
chri,sunday,8:30AM - 4:30PM
chri,monday,8:30AM - 4:30PM
chri,tuesday,8:30AM - 4:30PM
chri,wednesday,8:30AM - 4:30PM
chri,thursday,8:30AM - 4:30PM
chri,friday,8:30AM - 4:30PM
chri,saturday,8:30AM - 4:30PM
ciro,sunday,All Day
ciro,monday,All Day
ciro,tuesday,All Day
ciro,wednesday,All Day
ciro,thursday,All Day
ciro,friday,All Day
ciro,saturday,All Day
cwdw,sunday,Sunrise to Sunset
cwdw,monday,Sunrise to Sunset
cwdw,tuesday,Sunrise to Sunset
cwdw,wednesday,Sunrise to Sunset
cwdw,thursday,Sunrise to Sunset
cwdw,friday,Sunrise to Sunset
cwdw,saturday,Sunrise to Sunset
clba,sunday,Closed
clba,monday,Closed
clba,tuesday,Closed
clba,wednesday,Closed
clba,thursday,Closed
clba,friday,Closed
clba,saturday,Closed
colo,sunday,9:00AM - 5:00PM
colo,monday,9:00AM - 5:00PM
colo,tuesday,9:00AM - 5:00PM
colo,wednesday,9:00AM - 5:00PM
colo,thursday,9:00AM - 5:00PM
colo,friday,9:00AM - 5:00PM
colo,saturday,9:00AM - 5:00PM
colm,sunday,All Day
colm,monday,All Day
colm,tuesday,All Day
colm,wednesday,All Day
colm,thursday,All Day
colm,friday,All Day
colm,saturday,All Day
colt,,
colt,,
colt,,
colt,,
colt,,
colt,,
colt,,
cong,sunday,All Day
cong,monday,All Day
cong,tuesday,All Day
cong,wednesday,All Day
cong,thursday,All Day
cong,friday,All Day
cong,saturday,All Day
coga,sunday,All Day
coga,monday,All Day
coga,tuesday,All Day
coga,wednesday,All Day
coga,thursday,All Day
coga,friday,All Day
coga,saturday,All Day
coro,sunday,Sunrise to Sunset
coro,monday,Sunrise to Sunset
coro,tuesday,Sunrise to Sunset
coro,wednesday,Sunrise to Sunset
coro,thursday,Sunrise to Sunset
coro,friday,Sunrise to Sunset
coro,saturday,Sunrise to Sunset
cowp,sunday,9:00AM - 5:00PM
cowp,monday,9:00AM - 5:00PM
cowp,tuesday,9:00AM - 5:00PM
cowp,wednesday,9:00AM - 5:00PM
cowp,thursday,9:00AM - 5:00PM
cowp,friday,9:00AM - 5:00PM
cowp,saturday,9:00AM - 5:00PM
crla,sunday,All Day
crla,monday,All Day
crla,tuesday,All Day
crla,wednesday,All Day
crla,thursday,All Day
crla,friday,All Day
crla,saturday,All Day
crmo,sunday,All Day
crmo,monday,All Day
crmo,tuesday,All Day
crmo,wednesday,All Day
crmo,thursday,All Day
crmo,friday,All Day
crmo,saturday,All Day
cuga,sunday,All Day
cuga,monday,All Day
cuga,tuesday,All Day
cuga,wednesday,All Day
cuga,thursday,All Day
cuga,friday,All Day
cuga,saturday,All Day
cuis,sunday,Sunrise to Sunset
cuis,monday,Sunrise to Sunset
cuis,tuesday,Sunrise to Sunset
cuis,wednesday,Sunrise to Sunset
cuis,thursday,Sunrise to Sunset
cuis,friday,Sunrise to Sunset
cuis,saturday,Sunrise to Sunset
cure,sunday,All Day
cure,monday,All Day
cure,tuesday,All Day
cure,wednesday,All Day
cure,thursday,All Day
cure,friday,All Day
cure,saturday,All Day
cuva,sunday,All Day
cuva,monday,All Day
cuva,tuesday,All Day
cuva,wednesday,All Day
cuva,thursday,All Day
cuva,friday,All Day
cuva,saturday,All Day
cech,sunday,10:00AM - 4:00PM
cech,monday,10:00AM - 4:00PM
cech,tuesday,10:00AM - 4:00PM
cech,wednesday,10:00AM - 4:00PM
cech,thursday,10:00AM - 4:00PM
cech,friday,10:00AM - 4:00PM
cech,saturday,10:00AM - 4:00PM
daav,sunday,10:00AM - 4:00PM
daav,monday,Closed
daav,tuesday,Closed
daav,wednesday,Closed
daav,thursday,Closed
daav,friday,10:00AM - 4:00PM
daav,saturday,10:00AM - 4:00PM
deso,sunday,9:00AM - 5:00PM
deso,monday,9:00AM - 5:00PM
deso,tuesday,9:00AM - 5:00PM
deso,wednesday,9:00AM - 5:00PM
deso,thursday,9:00AM - 5:00PM
deso,friday,9:00AM - 5:00PM
deso,saturday,9:00AM - 5:00PM
deva,sunday,All Day
deva,monday,All Day
deva,tuesday,All Day
deva,wednesday,All Day
deva,thursday,All Day
deva,friday,All Day
deva,saturday,All Day
dewa,sunday,All Day
dewa,monday,All Day
dewa,tuesday,All Day
dewa,wednesday,All Day
dewa,thursday,All Day
dewa,friday,All Day
dewa,saturday,All Day
dena,sunday,All Day
dena,monday,All Day
dena,tuesday,All Day
dena,wednesday,All Day
dena,thursday,All Day
dena,friday,All Day
dena,saturday,All Day
depo,sunday,All Day
depo,monday,All Day
depo,tuesday,All Day
depo,wednesday,All Day
depo,thursday,All Day
depo,friday,All Day
depo,saturday,All Day
deto,sunday,All Day
deto,monday,All Day
deto,tuesday,All Day
deto,wednesday,All Day
deto,thursday,All Day
deto,friday,All Day
deto,saturday,All Day
dino,sunday,All Day
dino,monday,All Day
dino,tuesday,All Day
dino,wednesday,All Day
dino,thursday,All Day
dino,friday,All Day
dino,saturday,All Day
drto,sunday,All Day
drto,monday,All Day
drto,tuesday,All Day
drto,wednesday,All Day
drto,thursday,All Day
drto,friday,All Day
drto,saturday,All Day
ddem,sunday,All Day
ddem,monday,All Day
ddem,tuesday,All Day
ddem,wednesday,All Day
ddem,thursday,All Day
ddem,friday,All Day
ddem,saturday,All Day
ebla,sunday,All Day
ebla,monday,All Day
ebla,tuesday,All Day
ebla,wednesday,All Day
ebla,thursday,All Day
ebla,friday,All Day
ebla,saturday,All Day
edal,sunday,Closed
edal,monday,Closed
edal,tuesday,Closed
edal,wednesday,Closed
edal,thursday,Closed
edal,friday,Closed
edal,saturday,Closed
efmo,sunday,Sunrise to Sunset
efmo,monday,Sunrise to Sunset
efmo,tuesday,Sunrise to Sunset
efmo,wednesday,Sunrise to Sunset
efmo,thursday,Sunrise to Sunset
efmo,friday,Sunrise to Sunset
efmo,saturday,Sunrise to Sunset
eise,sunday,Sunrise to Sunset
eise,monday,Sunrise to Sunset
eise,tuesday,Sunrise to Sunset
eise,wednesday,Sunrise to Sunset
eise,thursday,Sunrise to Sunset
eise,friday,Sunrise to Sunset
eise,saturday,Sunrise to Sunset
elca,sunday,All Day
elca,monday,All Day
elca,tuesday,All Day
elca,wednesday,All Day
elca,thursday,All Day
elca,friday,All Day
elca,saturday,All Day
elte,sunday,All Day
elte,monday,All Day
elte,tuesday,All Day
elte,wednesday,All Day
elte,thursday,All Day
elte,friday,All Day
elte,saturday,All Day
elma,sunday,All Day
elma,monday,All Day
elma,tuesday,All Day
elma,wednesday,All Day
elma,thursday,All Day
elma,friday,All Day
elma,saturday,All Day
elmo,sunday,9:00AM - 5:00PM
elmo,monday,9:00AM - 5:00PM
elmo,tuesday,9:00AM - 5:00PM
elmo,wednesday,9:00AM - 5:00PM
elmo,thursday,9:00AM - 5:00PM
elmo,friday,9:00AM - 5:00PM
elmo,saturday,9:00AM - 5:00PM
elro,sunday,8:00AM - Sunset
elro,monday,8:00AM - Sunset
elro,tuesday,8:00AM - Sunset
elro,wednesday,8:00AM - Sunset
elro,thursday,8:00AM - Sunset
elro,friday,8:00AM - Sunset
elro,saturday,8:00AM - Sunset
elis,sunday,9:30AM - 4:45PM
elis,monday,9:30AM - 4:45PM
elis,tuesday,9:30AM - 4:45PM
elis,wednesday,9:30AM - 4:45PM
elis,thursday,9:30AM - 4:45PM
elis,friday,9:30AM - 4:45PM
elis,saturday,9:30AM - 4:45PM
euon,sunday,10:00AM - 5:00PM
euon,monday,Closed
euon,tuesday,Closed
euon,wednesday,10:00AM - 5:00PM
euon,thursday,10:00AM - 5:00PM
euon,friday,10:00AM - 5:00PM
euon,saturday,10:00AM - 5:00PM
ever,sunday,All Day
ever,monday,All Day
ever,tuesday,All Day
ever,wednesday,All Day
ever,thursday,All Day
ever,friday,All Day
ever,saturday,All Day
feha,sunday,Closed
feha,monday,Closed
feha,tuesday,Closed
feha,wednesday,Closed
feha,thursday,Closed
feha,friday,Closed
feha,saturday,Closed
fiis,sunday,All Day
fiis,monday,All Day
fiis,tuesday,All Day
fiis,wednesday,All Day
fiis,thursday,All Day
fiis,friday,All Day
fiis,saturday,All Day
fila,sunday,Closed
fila,monday,Closed
fila,tuesday,9:00AM - 4:00PM
fila,wednesday,9:00AM - 4:00PM
fila,thursday,9:00AM - 4:00PM
fila,friday,9:00AM - 4:00PM
fila,saturday,9:00AM - 4:00PM
frst,sunday,Sunrise to Sunset
frst,monday,Sunrise to Sunset
frst,tuesday,Sunrise to Sunset
frst,wednesday,Sunrise to Sunset
frst,thursday,Sunrise to Sunset
frst,friday,Sunrise to Sunset
frst,saturday,Sunrise to Sunset
flni,sunday,Sunrise to Sunset
flni,monday,Sunrise to Sunset
flni,tuesday,Sunrise to Sunset
flni,wednesday,Sunrise to Sunset
flni,thursday,Sunrise to Sunset
flni,friday,Sunrise to Sunset
flni,saturday,Sunrise to Sunset
flfo,sunday,9:00AM - 5:00PM
flfo,monday,9:00AM - 5:00PM
flfo,tuesday,9:00AM - 5:00PM
flfo,wednesday,9:00AM - 5:00PM
flfo,thursday,9:00AM - 5:00PM
flfo,friday,9:00AM - 5:00PM
flfo,saturday,9:00AM - 5:00PM
foth,sunday,10:00AM - 5:00PM
foth,monday,Closed
foth,tuesday,Closed
foth,wednesday,10:00AM - 5:00PM
foth,thursday,10:00AM - 5:00PM
foth,friday,10:00AM - 5:00PM
foth,saturday,10:00AM - 5:00PM
fobo,sunday,Sunrise to Sunset
fobo,monday,Sunrise to Sunset
fobo,tuesday,Sunrise to Sunset
fobo,wednesday,Sunrise to Sunset
fobo,thursday,Sunrise to Sunset
fobo,friday,Sunrise to Sunset
fobo,saturday,Sunrise to Sunset
foda,sunday,8:00AM - 5:00PM
foda,monday,8:00AM - 5:00PM
foda,tuesday,8:00AM - 5:00PM
foda,wednesday,8:00AM - 5:00PM
foda,thursday,8:00AM - 5:00PM
foda,friday,8:00AM - 5:00PM
foda,saturday,8:00AM - 5:00PM
fodo,sunday,8:00AM - 4:30PM
fodo,monday,8:00AM - 4:30PM
fodo,tuesday,8:00AM - 4:30PM
fodo,wednesday,8:00AM - 4:30PM
fodo,thursday,8:00AM - 4:30PM
fodo,friday,8:00AM - 4:30PM
fodo,saturday,8:00AM - 4:30PM
fodu,sunday,All Day
fodu,monday,All Day
fodu,tuesday,All Day
fodu,wednesday,All Day
fodu,thursday,All Day
fodu,friday,All Day
fodu,saturday,All Day
fofo,sunday,8:00AM - Sunset
fofo,monday,8:00AM - Sunset
fofo,tuesday,8:00AM - Sunset
fofo,wednesday,8:00AM - Sunset
fofo,thursday,8:00AM - Sunset
fofo,friday,8:00AM - Sunset
fofo,saturday,8:00AM - Sunset
fofr,sunday,9:00AM - 5:00PM
fofr,monday,9:00AM - 5:00PM
fofr,tuesday,9:00AM - 5:00PM
fofr,wednesday,9:00AM - 5:00PM
fofr,thursday,9:00AM - 5:00PM
fofr,friday,9:00AM - 5:00PM
fofr,saturday,9:00AM - 5:00PM
fola,sunday,Sunrise to Sunset
fola,monday,Sunrise to Sunset
fola,tuesday,Sunrise to Sunset
fola,wednesday,Sunrise to Sunset
fola,thursday,Sunrise to Sunset
fola,friday,Sunrise to Sunset
fola,saturday,Sunrise to Sunset
fols,sunday,8:30AM - 4:30PM
fols,monday,8:30AM - 4:30PM
fols,tuesday,8:30AM - 4:30PM
fols,wednesday,8:30AM - 4:30PM
fols,thursday,8:30AM - 4:30PM
fols,friday,8:30AM - 4:30PM
fols,saturday,8:30AM - 4:30PM
foma,sunday,9:00AM - 5:30PM
foma,monday,9:00AM - 5:30PM
foma,tuesday,9:00AM - 5:30PM
foma,wednesday,9:00AM - 5:30PM
foma,thursday,9:00AM - 5:30PM
foma,friday,9:00AM - 5:30PM
foma,saturday,9:00AM - 5:30PM
fomc,sunday,9:00AM - 5:00PM
fomc,monday,9:00AM - 5:00PM
fomc,tuesday,9:00AM - 5:00PM
fomc,wednesday,9:00AM - 5:00PM
fomc,thursday,9:00AM - 5:00PM
fomc,friday,9:00AM - 5:00PM
fomc,saturday,9:00AM - 5:00PM
fomr,sunday,Opens at 5:00AM
fomr,monday,Opens at 5:00AM
fomr,tuesday,Opens at 5:00AM
fomr,wednesday,Opens at 5:00AM
fomr,thursday,Opens at 5:00AM
fomr,friday,Opens at 5:00AM
fomr,saturday,Opens at 5:00AM
fone,sunday,Sunrise to Sunset
fone,monday,Sunrise to Sunset
fone,tuesday,Sunrise to Sunset
fone,wednesday,Sunrise to Sunset
fone,thursday,Sunrise to Sunset
fone,friday,Sunrise to Sunset
fone,saturday,Sunrise to Sunset
fopo,sunday,10:00AM - 5:00PM
fopo,monday,10:00AM - 5:00PM
fopo,tuesday,Closed
fopo,wednesday,Closed
fopo,thursday,Closed
fopo,friday,10:00AM - 5:00PM
fopo,saturday,10:00AM - 5:00PM
fopu,sunday,9:00PM - 5:00PM
fopu,monday,9:00AM - 5:00PM
fopu,tuesday,9:00AM - 5:00PM
fopu,wednesday,9:00AM - 5:00PM
fopu,thursday,9:00AM - 5:00PM
fopu,friday,9:00AM - 5:00PM
fopu,saturday,9:00AM - 5:00PM
fora,sunday,All Day
fora,monday,All Day
fora,tuesday,All Day
fora,wednesday,All Day
fora,thursday,All Day
fora,friday,All Day
fora,saturday,All Day
fosc,sunday,Sunrise to Sunset
fosc,monday,Sunrise to Sunset
fosc,tuesday,Sunrise to Sunset
fosc,wednesday,Sunrise to Sunset
fosc,thursday,Sunrise to Sunset
fosc,friday,Sunrise to Sunset
fosc,saturday,Sunrise to Sunset
fosm,sunday,Sunrise to Sunset
fosm,monday,Sunrise to Sunset
fosm,tuesday,Sunrise to Sunset
fosm,wednesday,Sunrise to Sunset
fosm,thursday,Sunrise to Sunset
fosm,friday,Sunrise to Sunset
fosm,saturday,Sunrise to Sunset
fost,sunday,Closed
fost,monday,Closed
fost,tuesday,9:30AM - 4:00PM
fost,wednesday,9:30AM - 4:00PM
fost,thursday,9:30AM - 4:00PM
fost,friday,9:30AM - 4:00PM
fost,saturday,9:30AM - 4:00PM
fosu,sunday,9:00AM - 5:00PM
fosu,monday,9:00AM - 5:00PM
fosu,tuesday,9:00AM - 5:00PM
fosu,wednesday,9:00AM - 5:00PM
fosu,thursday,9:00AM - 5:00PM
fosu,friday,9:00AM - 5:00PM
fosu,saturday,9:00AM - 5:00PM
foun,sunday,8:00AM - 4:00PM
foun,monday,8:00AM - 4:00PM
foun,tuesday,8:00AM - 4:00PM
foun,wednesday,8:00AM - 4:00PM
foun,thursday,8:00AM - 4:00PM
foun,friday,8:00AM - 4:00PM
foun,saturday,8:00AM - 4:00PM
fous,sunday,9:00AM - 5:00PM
fous,monday,9:00AM - 5:00PM
fous,tuesday,9:00AM - 5:00PM
fous,wednesday,9:00AM - 5:00PM
fous,thursday,9:00AM - 5:00PM
fous,friday,9:00AM - 5:00PM
fous,saturday,9:00AM - 5:00PM
fova,sunday,Closed
fova,monday,Closed
fova,tuesday,9:00AM - 5:00PM
fova,wednesday,9:00AM - 5:00PM
fova,thursday,9:00AM - 5:00PM
fova,friday,9:00AM - 5:00PM
fova,saturday,9:00AM - 5:00PM
fowa,sunday,6:30AM - Sunset
fowa,monday,6:30AM - Sunset
fowa,tuesday,6:30AM - Sunset
fowa,wednesday,6:30AM - Sunset
fowa,thursday,6:30AM - Sunset
fowa,friday,6:30AM - Sunset
fowa,saturday,6:30AM - Sunset
fobu,sunday,Sunrise to Sunset
fobu,monday,Sunrise to Sunset
fobu,tuesday,Sunrise to Sunset
fobu,wednesday,Sunrise to Sunset
fobu,thursday,Sunrise to Sunset
fobu,friday,Sunrise to Sunset
fobu,saturday,Sunrise to Sunset
frde,sunday,All Day
frde,monday,All Day
frde,tuesday,All Day
frde,wednesday,All Day
frde,thursday,All Day
frde,friday,All Day
frde,saturday,All Day
frdo,sunday,Closed
frdo,monday,Closed
frdo,tuesday,Closed
frdo,wednesday,Closed
frdo,thursday,Closed
frdo,friday,9:00AM - 5:00PM
frdo,saturday,9:00AM - 5:00PM
frla,sunday,Closed
frla,monday,Closed
frla,tuesday,Closed
frla,wednesday,Closed
frla,thursday,Closed
frla,friday,Closed
frla,saturday,Closed
frsp,sunday,Sunrise to Sunset
frsp,monday,Sunrise to Sunset
frsp,tuesday,Sunrise to Sunset
frsp,wednesday,Sunrise to Sunset
frsp,thursday,Sunrise to Sunset
frsp,friday,Sunrise to Sunset
frsp,saturday,Sunrise to Sunset
frri,sunday,Closed
frri,monday,8:00AM - 5:00PM
frri,tuesday,8:00AM - 5:00PM
frri,wednesday,8:00AM - 5:00PM
frri,thursday,8:00AM - 5:00PM
frri,friday,8:00AM - 5:00PM
frri,saturday,Closed
frhi,sunday,Sunrise to Sunset
frhi,monday,Sunrise to Sunset
frhi,tuesday,Sunrise to Sunset
frhi,wednesday,Sunrise to Sunset
frhi,thursday,Sunrise to Sunset
frhi,friday,Sunrise to Sunset
frhi,saturday,Sunrise to Sunset
gaar,sunday,All Day
gaar,monday,All Day
gaar,tuesday,All Day
gaar,wednesday,All Day
gaar,thursday,All Day
gaar,friday,All Day
gaar,saturday,All Day
jeff,sunday,9:00AM - 8:00PM
jeff,monday,9:00AM - 8:00PM
jeff,tuesday,9:00AM - 8:00PM
jeff,wednesday,9:00AM - 8:00PM
jeff,thursday,9:00AM - 8:00PM
jeff,friday,9:00AM - 8:00PM
jeff,saturday,9:00AM - 8:00PM
gate,sunday,6:00AM - 9:00PM
gate,monday,6:00AM - 9:00PM
gate,tuesday,6:00AM - 9:00PM
gate,wednesday,6:00AM - 9:00PM
gate,thursday,6:00AM - 9:00PM
gate,friday,6:00AM - 9:00PM
gate,saturday,6:00AM - 9:00PM
gari,sunday,All Day
gari,monday,All Day
gari,tuesday,All Day
gari,wednesday,All Day
gari,thursday,All Day
gari,friday,All Day
gari,saturday,All Day
gegr,sunday,Closed
gegr,monday,Closed
gegr,tuesday,Closed
gegr,wednesday,Closed
gegr,thursday,Closed
gegr,friday,Closed
gegr,saturday,Closed
gero,sunday,9:00AM - 5:00PM
gero,monday,9:00AM - 5:00PM
gero,tuesday,9:00AM - 5:00PM
gero,wednesday,9:00AM - 5:00PM
gero,thursday,9:00AM - 5:00PM
gero,friday,9:00AM - 5:00PM
gero,saturday,9:00AM - 5:00PM
gewa,sunday,9:00AM - 5:00PM
gewa,monday,9:00AM - 5:00PM
gewa,tuesday,9:00AM - 5:00PM
gewa,wednesday,9:00AM - 5:00PM
gewa,thursday,9:00AM - 5:00PM
gewa,friday,9:00AM - 5:00PM
gewa,saturday,9:00AM - 5:00PM
gwca,sunday,9:00AM - 5:00PM
gwca,monday,9:00AM - 5:00PM
gwca,tuesday,9:00AM - 5:00PM
gwca,wednesday,9:00AM - 5:00PM
gwca,thursday,9:00AM - 5:00PM
gwca,friday,9:00AM - 5:00PM
gwca,saturday,9:00AM - 5:00PM
gwmp,sunday,Closed
gwmp,monday,8:15AM - 4:15PM
gwmp,tuesday,8:15AM - 4:15PM
gwmp,wednesday,8:15AM - 4:15PM
gwmp,thursday,8:15AM - 4:15PM
gwmp,friday,8:15AM - 4:15PM
gwmp,saturday,Closed
gett,sunday,Sunrise to Sunset
gett,monday,Sunrise to Sunset
gett,tuesday,Sunrise to Sunset
gett,wednesday,Sunrise to Sunset
gett,thursday,Sunrise to Sunset
gett,friday,Sunrise to Sunset
gett,saturday,Sunrise to Sunset
gicl,sunday,9:00AM - 4:00PM
gicl,monday,9:00AM - 4:00PM
gicl,tuesday,9:00AM - 4:00PM
gicl,wednesday,9:00AM - 4:00PM
gicl,thursday,9:00AM - 4:00PM
gicl,friday,9:00AM - 4:00PM
gicl,saturday,9:00AM - 4:00PM
glba,sunday,All Day
glba,monday,All Day
glba,tuesday,All Day
glba,wednesday,All Day
glba,thursday,All Day
glba,friday,All Day
glba,saturday,All Day
glac,sunday,All Day
glac,monday,All Day
glac,tuesday,All Day
glac,wednesday,All Day
glac,thursday,All Day
glac,friday,All Day
glac,saturday,All Day
glca,sunday,All Day
glca,monday,All Day
glca,tuesday,All Day
glca,wednesday,All Day
glca,thursday,All Day
glca,friday,All Day
glca,saturday,All Day
glec,sunday,6:00AM - 1:00AM
glec,monday,6:00AM - 1:00AM
glec,tuesday,6:00AM - 1:00AM
glec,wednesday,6:00AM - 1:00AM
glec,thursday,6:00AM - 1:00AM
glec,friday,6:00AM - 1:00AM
glec,saturday,6:00AM - 1:00AM
glde,sunday,9:00AM - 4:00PM
glde,monday,Closed
glde,tuesday,9:00AM - 4:00PM
glde,wednesday,9:00AM - 4:00PM
glde,thursday,9:00AM - 4:00PM
glde,friday,9:00AM - 4:00PM
glde,saturday,9:00AM - 4:00PM
goga,sunday,All Day
goga,monday,All Day
goga,tuesday,All Day
goga,wednesday,All Day
goga,thursday,All Day
goga,friday,All Day
goga,saturday,All Day
gosp,sunday,9:00AM - 5:00PM
gosp,monday,9:00AM - 5:00PM
gosp,tuesday,9:00AM - 5:00PM
gosp,wednesday,9:00AM - 5:00PM
gosp,thursday,9:00AM - 5:00PM
gosp,friday,9:00AM - 5:00PM
gosp,saturday,9:00AM - 5:00PM
gois,sunday,10:00AM - 7:00PM
gois,monday,10:00AM - 6:00PM
gois,tuesday,10:00AM - 6:00PM
gois,wednesday,10:00AM - 6:00PM
gois,thursday,10:00AM - 6:00PM
gois,friday,10:00AM - 6:00PM
gois,saturday,10:00AM - 7:00PM
grca,sunday,All Day
grca,monday,All Day
grca,tuesday,All Day
grca,wednesday,All Day
grca,thursday,All Day
grca,friday,All Day
grca,saturday,All Day
para,sunday,unknown
para,monday,unknown
para,tuesday,unknown
para,wednesday,unknown
para,thursday,unknown
para,friday,unknown
para,saturday,unknown
grpo,sunday,Sunrise to Sunset
grpo,monday,Sunrise to Sunset
grpo,tuesday,Sunrise to Sunset
grpo,wednesday,Sunrise to Sunset
grpo,thursday,Sunrise to Sunset
grpo,friday,Sunrise to Sunset
grpo,saturday,Sunrise to Sunset
grte,sunday,All Day
grte,monday,All Day
grte,tuesday,All Day
grte,wednesday,All Day
grte,thursday,All Day
grte,friday,All Day
grte,saturday,All Day
grko,sunday,9:00AM - 4:30PM
grko,monday,9:00AM - 4:30PM
grko,tuesday,9:00AM - 4:30PM
grko,wednesday,9:00AM - 4:30PM
grko,thursday,9:00AM - 4:30PM
grko,friday,9:00AM - 4:30PM
grko,saturday,9:00AM - 4:30PM
grba,sunday,All Day
grba,monday,All Day
grba,tuesday,All Day
grba,wednesday,All Day
grba,thursday,All Day
grba,friday,All Day
grba,saturday,All Day
greg,sunday,Sunrise to Sunset
greg,monday,Sunrise to Sunset
greg,tuesday,Sunrise to Sunset
greg,wednesday,Sunrise to Sunset
greg,thursday,Sunrise to Sunset
greg,friday,Sunrise to Sunset
greg,saturday,Sunrise to Sunset
grfa,sunday,7:00AM - Sunset
grfa,monday,7:00AM - Sunset
grfa,tuesday,7:00AM - Sunset
grfa,wednesday,7:00AM - Sunset
grfa,thursday,7:00AM - Sunset
grfa,friday,7:00AM - Sunset
grfa,saturday,7:00AM - Sunset
grsa,sunday,All Day
grsa,monday,All Day
grsa,tuesday,All Day
grsa,wednesday,All Day
grsa,thursday,All Day
grsa,friday,All Day
grsa,saturday,All Day
grsm,sunday,All Day
grsm,monday,All Day
grsm,tuesday,All Day
grsm,wednesday,All Day
grsm,thursday,All Day
grsm,friday,All Day
grsm,saturday,All Day
grsp,sunday,All Day
grsp,monday,All Day
grsp,tuesday,All Day
grsp,wednesday,All Day
grsp,thursday,All Day
grsp,friday,All Day
grsp,saturday,All Day
gree,sunday,Sunrise to Sunset
gree,monday,Sunrise to Sunset
gree,tuesday,Sunrise to Sunset
gree,wednesday,Sunrise to Sunset
gree,thursday,Sunrise to Sunset
gree,friday,Sunrise to Sunset
gree,saturday,Sunrise to Sunset
gumo,sunday,All Day
gumo,monday,All Day
gumo,tuesday,All Day
gumo,wednesday,All Day
gumo,thursday,All Day
gumo,friday,All Day
gumo,saturday,All Day
guco,sunday,8:30AM - 5:00PM
guco,monday,8:30AM - 5:00PM
guco,tuesday,8:30AM - 5:00PM
guco,wednesday,8:30AM - 5:00PM
guco,thursday,8:30AM - 5:00PM
guco,friday,8:30AM - 5:00PM
guco,saturday,8:30AM - 5:00PM
guis,sunday,8:00AM - Sunset
guis,monday,8:00AM - Sunset
guis,tuesday,8:00AM - Sunset
guis,wednesday,8:00AM - Sunset
guis,thursday,8:00AM - Sunset
guis,friday,8:00AM - Sunset
guis,saturday,8:00AM - Sunset
hafo,sunday,Sunrise to Sunset
hafo,monday,Sunrise to Sunset
hafo,tuesday,Sunrise to Sunset
hafo,wednesday,Sunrise to Sunset
hafo,thursday,Sunrise to Sunset
hafo,friday,Sunrise to Sunset
hafo,saturday,Sunrise to Sunset
hale,sunday,All Day
hale,monday,All Day
hale,tuesday,All Day
hale,wednesday,All Day
hale,thursday,All Day
hale,friday,All Day
hale,saturday,All Day
hagr,sunday,9:00AM - 5:00PM
hagr,monday,Closed
hagr,tuesday,Closed
hagr,wednesday,9:00AM - 5:00PM
hagr,thursday,9:00AM - 5:00PM
hagr,friday,9:00AM - 5:00PM
hagr,saturday,9:00AM - 5:00PM
hamp,sunday,8:30AM - 5:00PM
hamp,monday,8:30AM - 5:00PM
hamp,tuesday,8:30AM - 5:00PM
hamp,wednesday,8:30AM - 5:00PM
hamp,thursday,8:30AM - 5:00PM
hamp,friday,8:30AM - 5:00PM
hamp,saturday,8:30AM - 5:00PM
haha,sunday,Sunrise to Sunset
haha,monday,Sunrise to Sunset
haha,tuesday,Sunrise to Sunset
haha,wednesday,Sunrise to Sunset
haha,thursday,Sunrise to Sunset
haha,friday,Sunrise to Sunset
haha,saturday,Sunrise to Sunset
hafe,sunday,9:00AM - 6:00PM
hafe,monday,9:00AM - 6:00PM
hafe,tuesday,9:00AM - 6:00PM
hafe,wednesday,9:00AM - 6:00PM
hafe,thursday,9:00AM - 6:00PM
hafe,friday,9:00AM - 6:00PM
hafe,saturday,9:00AM - 6:00PM
hart,sunday,Sunrise to Sunset
hart,monday,Sunrise to Sunset
hart,tuesday,Sunrise to Sunset
hart,wednesday,Sunrise to Sunset
hart,thursday,Sunrise to Sunset
hart,friday,Sunrise to Sunset
hart,saturday,Sunrise to Sunset
hatu,sunday,10:00AM - 4:00PM
hatu,monday,Closed
hatu,tuesday,10:00AM - 4:00PM
hatu,wednesday,10:00AM - 4:00PM
hatu,thursday,10:00AM - 4:00PM
hatu,friday,10:00AM - 4:00PM
hatu,saturday,10:00AM - 4:00PM
hstr,sunday,8:30AM - 5:00PM
hstr,monday,Closed
hstr,tuesday,Closed
hstr,wednesday,8:30AM - 5:00PM
hstr,thursday,8:30AM - 5:00PM
hstr,friday,8:30AM - 5:00PM
hstr,saturday,8:30AM - 5:00PM
havo,sunday,All Day
havo,monday,All Day
havo,tuesday,All Day
havo,wednesday,All Day
havo,thursday,All Day
havo,friday,All Day
havo,saturday,All Day
heho,sunday,9:00AM - 5:00PM
heho,monday,9:00AM - 5:00PM
heho,tuesday,9:00AM - 5:00PM
heho,wednesday,9:00AM - 5:00PM
heho,thursday,9:00AM - 5:00PM
heho,friday,9:00AM - 5:00PM
heho,saturday,9:00AM - 5:00PM
jame,sunday,9:00AM - 5:00PM
jame,monday,9:00AM - 5:00PM
jame,tuesday,9:00AM - 5:00PM
jame,wednesday,9:00AM - 5:00PM
jame,thursday,9:00AM - 5:00PM
jame,friday,9:00AM - 5:00PM
jame,saturday,9:00AM - 5:00PM
hofr,sunday,8:00AM - Sunset
hofr,monday,8:00AM - Sunset
hofr,tuesday,8:00AM - Sunset
hofr,wednesday,8:00AM - Sunset
hofr,thursday,8:00AM - Sunset
hofr,friday,8:00AM - Sunset
hofr,saturday,8:00AM - Sunset
home,sunday,Sunrise to Sunset
home,monday,Sunrise to Sunset
home,tuesday,Sunrise to Sunset
home,wednesday,Sunrise to Sunset
home,thursday,Sunrise to Sunset
home,friday,Sunrise to Sunset
home,saturday,Sunrise to Sunset
hono,sunday,Closed
hono,monday,Closed
hono,tuesday,Closed
hono,wednesday,Closed
hono,thursday,Closed
hono,friday,Closed
hono,saturday,Closed
hocu,sunday,Sunrise to Sunset
hocu,monday,Sunrise to Sunset
hocu,tuesday,Sunrise to Sunset
hocu,wednesday,Sunrise to Sunset
hocu,thursday,Sunrise to Sunset
hocu,friday,Sunrise to Sunset
hocu,saturday,Sunrise to Sunset
hofu,sunday,9:00AM - 5:00PM
hofu,monday,9:00AM - 5:00PM
hofu,tuesday,9:00AM - 5:00PM
hofu,wednesday,9:00AM - 5:00PM
hofu,thursday,9:00AM - 5:00PM
hofu,friday,9:00AM - 5:00PM
hofu,saturday,9:00AM - 5:00PM
hobe,sunday,8:00AM - 5:00PM
hobe,monday,8:00AM - 5:00PM
hobe,tuesday,8:00AM - 5:00PM
hobe,wednesday,8:00AM - 5:00PM
hobe,thursday,8:00AM - 5:00PM
hobe,friday,8:00AM - 5:00PM
hobe,saturday,8:00AM - 5:00PM
hosp,sunday,5:00AM - 10:00PM
hosp,monday,5:00AM - 10:00PM
hosp,tuesday,5:00AM - 10:00PM
hosp,wednesday,5:00AM - 10:00PM
hosp,thursday,5:00AM - 10:00PM
hosp,friday,5:00AM - 10:00PM
hosp,saturday,5:00AM - 10:00PM
hove,sunday,Sunrise to Sunset
hove,monday,Sunrise to Sunset
hove,tuesday,Sunrise to Sunset
hove,wednesday,Sunrise to Sunset
hove,thursday,Sunrise to Sunset
hove,friday,Sunrise to Sunset
hove,saturday,Sunrise to Sunset
hutr,sunday,8:00AM - 5:00PM
hutr,monday,8:00AM - 5:00PM
hutr,tuesday,8:00AM - 5:00AM
hutr,wednesday,8:00AM - 5:00AM
hutr,thursday,8:00AM - 5:00PM
hutr,friday,8:00AM - 5:00AM
hutr,saturday,8:00AM - 5:00PM
iafl,sunday,All Day
iafl,monday,All Day
iafl,tuesday,All Day
iafl,wednesday,All Day
iafl,thursday,All Day
iafl,friday,All Day
iafl,saturday,All Day
iatr,sunday,All Day
iatr,monday,All Day
iatr,tuesday,All Day
iatr,wednesday,All Day
iatr,thursday,All Day
iatr,friday,All Day
iatr,saturday,All Day
inde,sunday,9:00AM - 5:00PM
inde,monday,9:00AM - 5:00PM
inde,tuesday,9:00AM - 5:00PM
inde,wednesday,9:00AM - 5:00PM
inde,thursday,9:00AM - 5:00PM
inde,friday,9:00AM - 5:00PM
inde,saturday,9:00AM - 5:00PM
indu,sunday,6:00AM - 11:00PM
indu,monday,6:00AM - 11:00PM
indu,tuesday,6:00AM - 11:00PM
indu,wednesday,6:00AM - 11:00PM
indu,thursday,6:00AM - 11:00PM
indu,friday,6:00AM - 11:00PM
indu,saturday,6:00AM - 11:00PM
isro,sunday,All Day
isro,monday,All Day
isro,tuesday,All Day
isro,wednesday,All Day
isro,thursday,All Day
isro,friday,All Day
isro,saturday,All Day
inup,sunday,All Day
inup,monday,8:30AM - 5:00PM
inup,tuesday,8:30AM - 5:00PM
inup,wednesday,All Day
inup,thursday,All Day
inup,friday,All Day
inup,saturday,All Day
jaga,sunday,8:00AM - 5:00PM
jaga,monday,8:00AM - 5:00PM
jaga,tuesday,8:00AM - 5:00PM
jaga,wednesday,8:00AM - 5:00PM
jaga,thursday,8:00AM - 5:00PM
jaga,friday,8:00AM - 5:00PM
jaga,saturday,8:00AM - 5:00PM
jela,sunday,All Day
jela,monday,All Day
jela,tuesday,All Day
jela,wednesday,All Day
jela,thursday,All Day
jela,friday,All Day
jela,saturday,All Day
jeca,sunday,8:00AM - 5:00PM
jeca,monday,8:00AM - 5:00PM
jeca,tuesday,8:00AM - 5:00PM
jeca,wednesday,8:00AM - 5:00PM
jeca,thursday,8:00AM - 5:00PM
jeca,friday,8:00AM - 5:00PM
jeca,saturday,8:00AM - 5:00PM
jica,sunday,9:00AM - 5:00PM
jica,monday,9:00AM - 5:00PM
jica,tuesday,9:00AM - 5:00PM
jica,wednesday,9:00AM - 5:00PM
jica,thursday,9:00AM - 5:00PM
jica,friday,9:00AM - 5:00PM
jica,saturday,9:00AM - 5:00PM
joda,sunday,All Day
joda,monday,All Day
joda,tuesday,All Day
joda,wednesday,All Day
joda,thursday,All Day
joda,friday,All Day
joda,saturday,All Day
jofi,sunday,Closed
jofi,monday,Closed
jofi,tuesday,Closed
jofi,wednesday,Closed
jofi,thursday,Closed
jofi,friday,Closed
jofi,saturday,Closed
jomu,sunday,10:00AM - 5:00PM
jomu,monday,10:00AM - 5:00PM
jomu,tuesday,10:00AM - 5:00PM
jomu,wednesday,10:00AM - 5:00PM
jomu,thursday,10:00AM - 5:00PM
jomu,friday,10:00AM - 5:00PM
jomu,saturday,10:00AM - 5:00PM
jofl,sunday,9:00AM - 5:00PM
jofl,monday,9:00AM - 5:00PM
jofl,tuesday,9:00AM - 5:00PM
jofl,wednesday,9:00AM - 5:00PM
jofl,thursday,9:00AM - 5:00PM
jofl,friday,9:00AM - 5:00PM
jofl,saturday,9:00AM - 5:00PM
jotr,sunday,All Day
jotr,monday,All Day
jotr,tuesday,All Day
jotr,wednesday,All Day
jotr,thursday,All Day
jotr,friday,All Day
jotr,saturday,All Day
juba,sunday,Closed
juba,monday,9:30AM - 5:00PM
juba,tuesday,9:30AM - 5:00PM
juba,wednesday,9:30AM - 5:00PM
juba,thursday,9:30AM - 5:00PM
juba,friday,9:30AM - 5:00PM
juba,saturday,Closed
kala,sunday,All Day
kala,monday,All Day
kala,tuesday,All Day
kala,wednesday,All Day
kala,thursday,All Day
kala,friday,All Day
kala,saturday,All Day
kaho,sunday,Sunrise to Sunset
kaho,monday,Sunrise to Sunset
kaho,tuesday,Sunrise to Sunset
kaho,wednesday,Sunrise to Sunset
kaho,thursday,Sunrise to Sunset
kaho,friday,Sunrise to Sunset
kaho,saturday,Sunrise to Sunset
kaww,sunday,All Day
kaww,monday,All Day
kaww,tuesday,All Day
kaww,wednesday,All Day
kaww,thursday,All Day
kaww,friday,All Day
kaww,saturday,All Day
katm,sunday,All Day
katm,monday,All Day
katm,tuesday,All Day
katm,wednesday,All Day
katm,thursday,All Day
katm,friday,All Day
katm,saturday,All Day
kefj,sunday,All Day
kefj,monday,All Day
kefj,tuesday,All Day
kefj,wednesday,All Day
kefj,thursday,All Day
kefj,friday,All Day
kefj,saturday,All Day
keaq,sunday,8:00AM - 4:00PM
keaq,monday,8:00AM - 4:00PM
keaq,tuesday,8:00AM - 4:00PM
keaq,wednesday,8:00AM - 4:00PM
keaq,thursday,8:00AM - 4:00PM
keaq,friday,8:00AM - 4:00PM
keaq,saturday,8:00AM - 4:00PM
kemo,sunday,6:30AM - Sunset
kemo,monday,6:30AM - Sunset
kemo,tuesday,6:30AM - Sunset
kemo,wednesday,6:30AM - Sunset
kemo,thursday,6:30AM - Sunset
kemo,friday,6:30AM - Sunset
kemo,saturday,6:30AM - Sunset
kewe,sunday,Sunrise to Sunset
kewe,monday,Sunrise to Sunset
kewe,tuesday,Sunrise to Sunset
kewe,wednesday,Sunrise to Sunset
kewe,thursday,Sunrise to Sunset
kewe,friday,Sunrise to Sunset
kewe,saturday,Sunrise to Sunset
kimo,sunday,Sunrise - 5:00PM
kimo,monday,9:00AM - 5:00PM
kimo,tuesday,9:00AM - 5:00PM
kimo,wednesday,9:00AM - 5:00PM
kimo,thursday,9:00AM - 5:00PM
kimo,friday,9:00AM - 5:00PM
kimo,saturday,9:00AM - 5:00PM
klse,sunday,10:00AM - 5:00PM
klse,monday,Closed
klse,tuesday,Closed
klse,wednesday,Closed
klse,thursday,Closed
klse,friday,10:00AM - 5:00PM
klse,saturday,10:00AM - 5:00PM
klgo,sunday,All Day
klgo,monday,All Day
klgo,tuesday,All Day
klgo,wednesday,All Day
klgo,thursday,All Day
klgo,friday,All Day
klgo,saturday,All Day
knri,sunday,Sunrise to Sunset
knri,monday,Sunrise to Sunset
knri,tuesday,Sunrise to Sunset
knri,wednesday,Sunrise to Sunset
knri,thursday,Sunrise to Sunset
knri,friday,Sunrise to Sunset
knri,saturday,Sunrise to Sunset
kova,sunday,All Day
kova,monday,All Day
kova,tuesday,All Day
kova,wednesday,All Day
kova,thursday,All Day
kova,friday,All Day
kova,saturday,All Day
kowa,sunday,All Day
kowa,monday,All Day
kowa,tuesday,All Day
kowa,wednesday,All Day
kowa,thursday,All Day
kowa,friday,All Day
kowa,saturday,All Day
lyba,sunday,6:00AM - 10:00PM
lyba,monday,6:00AM - 10:00PM
lyba,tuesday,6:00AM - 10:00PM
lyba,wednesday,6:00AM - 10:00PM
lyba,thursday,6:00AM - 10:00PM
lyba,friday,6:00AM - 10:00PM
lyba,saturday,6:00AM - 10:00PM
lacl,sunday,All Day
lacl,monday,All Day
lacl,tuesday,All Day
lacl,wednesday,All Day
lacl,thursday,All Day
lacl,friday,All Day
lacl,saturday,All Day
lake,sunday,All Day
lake,monday,All Day
lake,tuesday,All Day
lake,wednesday,All Day
lake,thursday,All Day
lake,friday,All Day
lake,saturday,All Day
lamr,sunday,All Day
lamr,monday,All Day
lamr,tuesday,All Day
lamr,wednesday,All Day
lamr,thursday,All Day
lamr,friday,All Day
lamr,saturday,All Day
laro,sunday,All Day
laro,monday,All Day
laro,tuesday,All Day
laro,wednesday,All Day
laro,thursday,All Day
laro,friday,All Day
laro,saturday,All Day
lavo,sunday,All Day
lavo,monday,All Day
lavo,tuesday,All Day
lavo,wednesday,All Day
lavo,thursday,All Day
lavo,friday,All Day
lavo,saturday,All Day
labe,sunday,All Day
labe,monday,All Day
labe,tuesday,All Day
labe,wednesday,All Day
labe,thursday,All Day
labe,friday,All Day
labe,saturday,All Day
lecl,sunday,9:30AM - 5:00PM
lecl,monday,8:00AM - 5:00PM
lecl,tuesday,8:00AM - 5:00PM
lecl,wednesday,8:00AM - 5:00PM
lecl,thursday,8:00AM - 5:00PM
lecl,friday,8:00AM - 5:00PM
lecl,saturday,9:30AM - 5:00PM
lewi,sunday,9:00AM - 5:00PM
lewi,monday,9:00AM - 5:00PM
lewi,tuesday,9:00AM - 5:00PM
lewi,wednesday,9:00AM - 5:00PM
lewi,thursday,9:00AM - 5:00PM
lewi,friday,9:00AM - 5:00PM
lewi,saturday,9:00AM - 5:00PM
libo,sunday,Sunrise to Sunset
libo,monday,Sunrise to Sunset
libo,tuesday,Sunrise to Sunset
libo,wednesday,Sunrise to Sunset
libo,thursday,Sunrise to Sunset
libo,friday,Sunrise to Sunset
libo,saturday,Sunrise to Sunset
liho,sunday,8:30AM - 5:00PM
liho,monday,8:30AM - 5:00PM
liho,tuesday,8:30AM - 5:00PM
liho,wednesday,8:30AM - 5:00PM
liho,thursday,8:30AM - 5:00PM
liho,friday,8:30AM - 5:00PM
liho,saturday,8:30AM - 5:00PM
linc,sunday,All Day
linc,monday,All Day
linc,tuesday,All Day
linc,wednesday,All Day
linc,thursday,All Day
linc,friday,All Day
linc,saturday,All Day
libi,sunday,8:00AM - 6:00PM
libi,monday,8:00AM - 6:00PM
libi,tuesday,8:00AM - 6:00PM
libi,wednesday,8:00AM - 6:00PM
libi,thursday,8:00AM - 6:00PM
libi,friday,8:00AM - 6:00PM
libi,saturday,8:00AM - 6:00PM
liri,sunday,Sunrise to Sunset
liri,monday,Sunrise to Sunset
liri,tuesday,Sunrise to Sunset
liri,wednesday,Sunrise to Sunset
liri,thursday,Sunrise to Sunset
liri,friday,Sunrise to Sunset
liri,saturday,Sunrise to Sunset
chsc,sunday,9:00AM - 4:30PM
chsc,monday,9:00AM - 4:30PM
chsc,tuesday,9:00AM - 4:30PM
chsc,wednesday,9:00AM - 4:30PM
chsc,thursday,9:00AM - 4:30PM
chsc,friday,9:00AM - 4:30PM
chsc,saturday,9:00AM - 4:30PM
long,sunday,9:30AM - 4:30PM
long,monday,Closed
long,tuesday,Closed
long,wednesday,Closed
long,thursday,Closed
long,friday,9:30AM - 4:30PM
long,saturday,9:30AM - 4:30PM
lowe,sunday,10:00AM - 5:00PM
lowe,monday,10:00AM - 5:00PM
lowe,tuesday,10:00AM - 5:00PM
lowe,wednesday,10:00AM - 5:00PM
lowe,thursday,10:00AM - 5:00PM
lowe,friday,10:00AM - 5:00PM
lowe,saturday,10:00AM - 5:00PM
lode,sunday,Sunrise to Sunset
lode,monday,Sunrise to Sunset
lode,tuesday,Sunrise to Sunset
lode,wednesday,Sunrise to Sunset
lode,thursday,Sunrise to Sunset
lode,friday,Sunrise to Sunset
lode,saturday,Sunrise to Sunset
loea,sunday,10:30AM - 5:30PM
loea,monday,10:30AM - 5:30PM
loea,tuesday,Closed
loea,wednesday,Closed
loea,thursday,10:30AM - 5:30PM
loea,friday,10:30AM - 5:30PM
loea,saturday,10:30AM - 5:30PM
lyjo,sunday,9:00AM - 5:00PM
lyjo,monday,9:00AM - 5:00PM
lyjo,tuesday,9:00AM - 5:00PM
lyjo,wednesday,9:00AM - 5:00PM
lyjo,thursday,9:00AM - 5:00PM
lyjo,friday,9:00AM - 5:00PM
lyjo,saturday,9:00AM - 5:00PM
mawa,sunday,Closed
mawa,monday,Closed
mawa,tuesday,9:00AM - 4:30PM
mawa,wednesday,9:00AM - 4:30PM
mawa,thursday,9:00AM - 4:30PM
mawa,friday,9:00AM - 4:30PM
mawa,saturday,9:00AM - 4:30PM
maac,sunday,All Day
maac,monday,All Day
maac,tuesday,All Day
maac,wednesday,All Day
maac,thursday,All Day
maac,friday,All Day
maac,saturday,All Day
maca,sunday,All Day
maca,monday,All Day
maca,tuesday,All Day
maca,wednesday,All Day
maca,thursday,All Day
maca,friday,All Day
maca,saturday,All Day
mana,sunday,Sunrise to Sunset
mana,monday,Sunrise to Sunset
mana,tuesday,Sunrise to Sunset
mana,wednesday,Sunrise to Sunset
mana,thursday,Sunrise to Sunset
mana,friday,Sunrise to Sunset
mana,saturday,Sunrise to Sunset
mapr,sunday,1:00PM - 4:00PM
mapr,monday,Closed
mapr,tuesday,10:00AM - 4:00PM
mapr,wednesday,10:00AM - 4:00PM
mapr,thursday,10:00AM - 4:00PM
mapr,friday,10:00AM - 4:00PM
mapr,saturday,10:00AM - 4:00PM
manz,sunday,Sunrise to Sunset
manz,monday,Sunrise to Sunset
manz,tuesday,Sunrise to Sunset
manz,wednesday,Sunrise to Sunset
manz,thursday,Sunrise to Sunset
manz,friday,Sunrise to Sunset
manz,saturday,Sunrise to Sunset
mabi,sunday,10:00AM - 5:00PM
mabi,monday,10:00AM - 5:00PM
mabi,tuesday,10:00AM - 5:00PM
mabi,wednesday,10:00AM - 5:00PM
mabi,thursday,10:00AM - 5:00PM
mabi,friday,10:00AM - 5:00PM
mabi,saturday,10:00AM - 5:00PM
mlkm,sunday,All Day
mlkm,monday,All Day
mlkm,tuesday,All Day
mlkm,wednesday,All Day
mlkm,thursday,All Day
mlkm,friday,All Day
mlkm,saturday,All Day
malu,sunday,9:00AM - 5:00PM
malu,monday,9:00AM - 5:00PM
malu,tuesday,9:00AM - 5:00PM
malu,wednesday,9:00AM - 5:00PM
malu,thursday,9:00AM - 5:00PM
malu,friday,9:00AM - 5:00PM
malu,saturday,9:00AM - 5:00PM
mava,sunday,7:00AM - Sunset
mava,monday,7:00PM - Sunset
mava,tuesday,7:00AM - Sunset
mava,wednesday,7:00AM - Sunset
mava,thursday,7:00AM - Sunset
mava,friday,7:00AM - Sunset
mava,saturday,7:00AM - Sunset
mamc,sunday,Closed
mamc,monday,Closed
mamc,tuesday,Closed
mamc,wednesday,Closed
mamc,thursday,Closed
mamc,friday,Closed
mamc,saturday,Closed
memy,sunday,All Day
memy,monday,All Day
memy,tuesday,All Day
memy,wednesday,All Day
memy,thursday,All Day
memy,friday,All Day
memy,saturday,All Day
meve,sunday,All Day
meve,monday,All Day
meve,tuesday,All Day
meve,wednesday,All Day
meve,thursday,All Day
meve,friday,All Day
meve,saturday,All Day
misp,sunday,10:00AM - 4:00PM
misp,monday,Closed
misp,tuesday,Closed
misp,wednesday,10:00AM - 4:00PM
misp,thursday,10:00AM - 4:00PM
misp,friday,10:00AM - 4:00PM
misp,saturday,10:00AM - 4:00PM
miin,sunday,Sunrise to Sunset
miin,monday,Sunrise to Sunset
miin,tuesday,Sunrise to Sunset
miin,wednesday,Sunrise to Sunset
miin,thursday,Sunrise to Sunset
miin,friday,Sunrise to Sunset
miin,saturday,Sunrise to Sunset
mima,sunday,Sunrise to Sunset
mima,monday,Sunrise to Sunset
mima,tuesday,Sunrise to Sunset
mima,wednesday,Sunrise to Sunset
mima,thursday,Sunrise to Sunset
mima,friday,Sunrise to Sunset
mima,saturday,Sunrise to Sunset
mimi,sunday,9:00AM - 3:00PM
mimi,monday,Closed
mimi,tuesday,Closed
mimi,wednesday,9:00AM - 3:00PM
mimi,thursday,9:00AM - 3:00PM
mimi,friday,9:00AM - 3:00PM
mimi,saturday,9:00AM - 3:00PM
miss,sunday,All Day
miss,monday,All Day
miss,tuesday,All Day
miss,wednesday,All Day
miss,thursday,All Day
miss,friday,All Day
miss,saturday,All Day
mnrr,sunday,All Day
mnrr,monday,All Day
mnrr,tuesday,All Day
mnrr,wednesday,All Day
mnrr,thursday,All Day
mnrr,friday,All Day
mnrr,saturday,All Day
moja,sunday,All Day
moja,monday,All Day
moja,tuesday,All Day
moja,wednesday,All Day
moja,thursday,All Day
moja,friday,All Day
moja,saturday,All Day
mono,sunday,8:30AM - Sunset
mono,monday,7:30AM - Sunset
mono,tuesday,7:30AM - Sunset
mono,wednesday,7:30AM - Sunset
mono,thursday,7:30AM - Sunset
mono,friday,7:30AM - Sunset
mono,saturday,8:30AM - Sunset
moca,sunday,8:00AM - 5:00PM
moca,monday,8:00AM - 5:00PM
moca,tuesday,8:00AM - 5:00PM
moca,wednesday,8:00AM - 5:00PM
moca,thursday,8:00AM - 5:00PM
moca,friday,8:00AM - 5:00PM
moca,saturday,8:00AM - 5:00PM
mocr,sunday,9:00AM - 5:00PM
mocr,monday,9:00AM - 5:00PM
mocr,tuesday,9:00AM - 5:00PM
mocr,wednesday,9:00AM - 5:00PM
mocr,thursday,9:00AM - 5:00PM
mocr,friday,9:00AM - 5:00PM
mocr,saturday,9:00AM - 5:00PM
mopi,sunday,All Day
mopi,monday,All Day
mopi,tuesday,All Day
mopi,wednesday,All Day
mopi,thursday,All Day
mopi,friday,All Day
mopi,saturday,All Day
morr,sunday,8:00AM - 8:00PM
morr,monday,8:00AM - 8:00PM
morr,tuesday,8:00AM - 8:00PM
morr,wednesday,8:00AM - 8:00PM
morr,thursday,8:00AM - 8:00PM
morr,friday,8:00AM - 8:00PM
morr,saturday,8:00AM - 8:00PM
mora,sunday,All Day
mora,monday,All Day
mora,tuesday,All Day
mora,wednesday,All Day
mora,thursday,All Day
mora,friday,All Day
mora,saturday,All Day
moru,sunday,5:00AM - 11:00PM
moru,monday,5:00AM - 11:00PM
moru,tuesday,5:00AM - 11:00PM
moru,wednesday,5:00AM - 11:00PM
moru,thursday,5:00AM - 11:00PM
moru,friday,5:00AM - 11:00PM
moru,saturday,5:00AM - 11:00PM
muwo,sunday,8:00AM - 6:00PM
muwo,monday,8:00AM - 6:00PM
muwo,tuesday,8:00AM - 6:00PM
muwo,wednesday,8:00AM - 6:00PM
muwo,thursday,8:00AM - 6:00PM
muwo,friday,8:00AM - 6:00PM
muwo,saturday,8:00AM - 6:00PM
natc,sunday,9:00AM - 5:00PM
natc,monday,9:00AM - 5:00PM
natc,tuesday,9:00AM - 5:00PM
natc,wednesday,9:00AM - 5:00PM
natc,thursday,9:00AM - 5:00PM
natc,friday,9:00AM - 5:00PM
natc,saturday,9:00AM - 5:00PM
natt,sunday,Sunrise to Sunset
natt,monday,Sunrise to Sunset
natt,tuesday,Sunrise to Sunset
natt,wednesday,Sunrise to Sunset
natt,thursday,Sunrise to Sunset
natt,friday,Sunrise to Sunset
natt,saturday,Sunrise to Sunset
natr,sunday,All Day
natr,monday,All Day
natr,tuesday,All Day
natr,wednesday,All Day
natr,thursday,All Day
natr,friday,All Day
natr,saturday,All Day
nace,sunday,Closed
nace,monday,8:00AM - 4:00PM
nace,tuesday,8:00AM - 4:00PM
nace,wednesday,8:00AM - 4:00PM
nace,thursday,8:00AM - 4:00PM
nace,friday,8:00AM - 4:00PM
nace,saturday,Closed
nama,sunday,All Day
nama,monday,All Day
nama,tuesday,All Day
nama,wednesday,All Day
nama,thursday,All Day
nama,friday,All Day
nama,saturday,All Day
npsa,sunday,Closed
npsa,monday,8:00AM - 4:30PM
npsa,tuesday,8:00AM - 4:30PM
npsa,wednesday,8:00AM - 4:30PM
npsa,thursday,8:00AM - 4:30PM
npsa,friday,8:00AM - 4:30PM
npsa,saturday,Closed
npnh,sunday,9:00AM - Sunset
npnh,monday,9:00AM - Sunset
npnh,tuesday,9:00AM - Sunset
npnh,wednesday,9:00AM - Sunset
npnh,thursday,9:00AM - Sunset
npnh,friday,9:00AM - Sunset
npnh,saturday,9:00AM - Sunset
nabr,sunday,All Day
nabr,monday,All Day
nabr,tuesday,All Day
nabr,wednesday,All Day
nabr,thursday,All Day
nabr,friday,All Day
nabr,saturday,All Day
nava,sunday,8:00AM - 5:30PM
nava,monday,8:00AM - 5:30PM
nava,tuesday,8:00AM - 5:30PM
nava,wednesday,8:00AM - 5:30PM
nava,thursday,8:00AM - 5:30PM
nava,friday,8:00AM - 5:30PM
nava,saturday,8:00AM - 5:30PM
nebe,sunday,10:00AM - 4:00PM
nebe,monday,Closed
nebe,tuesday,Closed
nebe,wednesday,10:00AM - 4:00PM
nebe,thursday,10:00AM - 4:00PM
nebe,friday,10:00AM - 4:00PM
nebe,saturday,10:00AM - 4:00PM
neen,sunday,Sunrise to Sunset
neen,monday,Sunrise to Sunset
neen,tuesday,Sunrise to Sunset
neen,wednesday,Sunrise to Sunset
neen,thursday,Sunrise to Sunset
neen,friday,Sunrise to Sunset
neen,saturday,Sunrise to Sunset
pine,sunday,All Day
pine,monday,All Day
pine,tuesday,All Day
pine,wednesday,All Day
pine,thursday,All Day
pine,friday,All Day
pine,saturday,All Day
jazz,,
jazz,,
jazz,,
jazz,,
jazz,,
jazz,,
jazz,,
neri,sunday,All Day
neri,monday,All Day
neri,tuesday,All Day
neri,wednesday,All Day
neri,thursday,All Day
neri,friday,All Day
neri,saturday,All Day
nepe,sunday,Closed
nepe,monday,Closed
nepe,tuesday,8:30AM - 4:00PM
nepe,wednesday,8:30AM - 4:00PM
nepe,thursday,8:30AM - 4:00PM
nepe,friday,8:30AM - 4:00PM
nepe,saturday,8:30AM - 4:00PM
nico,sunday,All Day
nico,monday,All Day
nico,tuesday,All Day
nico,wednesday,All Day
nico,thursday,All Day
nico,friday,All Day
nico,saturday,All Day
nisi,sunday,All Day
nisi,monday,All Day
nisi,tuesday,All Day
nisi,wednesday,All Day
nisi,thursday,All Day
nisi,friday,All Day
nisi,saturday,All Day
niob,sunday,All Day
niob,monday,All Day
niob,tuesday,All Day
niob,wednesday,All Day
niob,thursday,All Day
niob,friday,All Day
niob,saturday,All Day
noat,sunday,All Day
noat,monday,All Day
noat,tuesday,All Day
noat,wednesday,All Day
noat,thursday,All Day
noat,friday,All Day
noat,saturday,All Day
noca,sunday,All Day
noca,monday,All Day
noca,tuesday,All Day
noca,wednesday,All Day
noca,thursday,All Day
noca,friday,All Day
noca,saturday,All Day
noco,sunday,All Day
noco,monday,All Day
noco,tuesday,All Day
noco,wednesday,All Day
noco,thursday,All Day
noco,friday,All Day
noco,saturday,All Day
obed,sunday,All Day
obed,monday,All Day
obed,tuesday,All Day
obed,wednesday,All Day
obed,thursday,All Day
obed,friday,All Day
obed,saturday,All Day
ocmu,sunday,8:00AM - 5:00PM
ocmu,monday,8:00AM - 5:00PM
ocmu,tuesday,8:00AM - 5:00PM
ocmu,wednesday,8:00AM - 5:00PM
ocmu,thursday,8:00AM - 5:00PM
ocmu,friday,8:00AM - 5:00PM
ocmu,saturday,8:00AM - 5:00PM
okci,sunday,All Day
okci,monday,All Day
okci,tuesday,All Day
okci,wednesday,All Day
okci,thursday,All Day
okci,friday,All Day
okci,saturday,All Day
olsp,sunday,All Day
olsp,monday,All Day
olsp,tuesday,All Day
olsp,wednesday,All Day
olsp,thursday,All Day
olsp,friday,All Day
olsp,saturday,All Day
olym,sunday,All Day
olym,monday,All Day
olym,tuesday,All Day
olym,wednesday,All Day
olym,thursday,All Day
olym,friday,All Day
olym,saturday,All Day
orca,sunday,10:00AM - 4:00PM
orca,monday,10:00AM - 4:00PM
orca,tuesday,10:00AM - 4:00PM
orca,wednesday,10:00AM - 4:00PM
orca,thursday,10:00AM - 4:00PM
orca,friday,10:00AM - 4:00PM
orca,saturday,10:00AM - 4:00PM
oreg,sunday,All Day
oreg,monday,All Day
oreg,tuesday,All Day
oreg,wednesday,All Day
oreg,thursday,All Day
oreg,friday,All Day
oreg,saturday,All Day
orpi,sunday,All Day
orpi,monday,All Day
orpi,tuesday,All Day
orpi,wednesday,All Day
orpi,thursday,All Day
orpi,friday,All Day
orpi,saturday,All Day
ovvi,sunday,Sunrise to Sunset
ovvi,monday,Sunrise to Sunset
ovvi,tuesday,Sunrise to Sunset
ovvi,wednesday,Sunrise to Sunset
ovvi,thursday,Sunrise to Sunset
ovvi,friday,Sunrise to Sunset
ovvi,saturday,Sunrise to Sunset
oxhi,sunday,8:00AM - 4:30PM
oxhi,monday,8:00AM - 4:30PM
oxhi,tuesday,8:00AM - 4:30PM
oxhi,wednesday,8:00AM - 4:30PM
oxhi,thursday,8:00AM - 4:30PM
oxhi,friday,8:00AM - 4:30PM
oxhi,saturday,8:00AM - 4:30PM
ozar,sunday,All Day
ozar,monday,All Day
ozar,tuesday,All Day
ozar,wednesday,All Day
ozar,thursday,All Day
ozar,friday,All Day
ozar,saturday,All Day
pais,sunday,All Day
pais,monday,All Day
pais,tuesday,All Day
pais,wednesday,All Day
pais,thursday,All Day
pais,friday,All Day
pais,saturday,All Day
paal,sunday,8:00AM - 5:00PM
paal,monday,8:00AM - 5:00PM
paal,tuesday,8:00AM - 5:00PM
paal,wednesday,8:00AM - 5:00PM
paal,thursday,8:00AM - 5:00PM
paal,friday,8:00AM - 5:00PM
paal,saturday,8:00AM - 5:00PM
pagr,sunday,Sunrise to Sunset
pagr,monday,Sunrise to Sunset
pagr,tuesday,Sunrise to Sunset
pagr,wednesday,Sunrise to Sunset
pagr,thursday,Sunrise to Sunset
pagr,friday,Sunrise to Sunset
pagr,saturday,Sunrise to Sunset
peri,sunday,6:00AM - Sunset
peri,monday,6:00AM - Sunset
peri,tuesday,6:00AM - Sunset
peri,wednesday,6:00AM - Sunset
peri,thursday,6:00AM - Sunset
peri,friday,6:00AM - Sunset
peri,saturday,6:00AM - Sunset
valr,sunday,7:00AM - 5:00PM
valr,monday,7:00AM - 5:00PM
valr,tuesday,7:00AM - 5:00PM
valr,wednesday,7:00AM - 5:00PM
valr,thursday,7:00AM - 5:00PM
valr,friday,7:00AM - 5:00PM
valr,saturday,7:00AM - 5:00PM
peco,sunday,8:00AM - 4:30PM
peco,monday,8:00AM - 4:30PM
peco,tuesday,8:00AM - 4:30PM
peco,wednesday,8:00AM - 4:30PM
peco,thursday,8:00AM - 4:30PM
peco,friday,8:00AM - 4:30PM
peco,saturday,8:00AM - 4:30PM
paav,sunday,All Day
paav,monday,All Day
paav,tuesday,All Day
paav,wednesday,All Day
paav,thursday,All Day
paav,friday,All Day
paav,saturday,All Day
pevi,sunday,Closed
pevi,monday,Closed
pevi,tuesday,Closed
pevi,wednesday,Closed
pevi,thursday,Closed
pevi,friday,Closed
pevi,saturday,Closed
pete,sunday,9:00AM - Sunset
pete,monday,9:00AM - Sunset
pete,tuesday,9:00AM - Sunset
pete,wednesday,9:00AM - Sunset
pete,thursday,9:00AM - Sunset
pete,friday,9:00AM - Sunset
pete,saturday,9:00AM - Sunset
pefo,sunday,8:00AM - 5:00PM
pefo,monday,8:00AM - 5:00PM
pefo,tuesday,8:00AM - 5:00PM
pefo,wednesday,8:00AM - 5:00PM
pefo,thursday,8:00AM - 5:00PM
pefo,friday,8:00AM - 5:00PM
pefo,saturday,8:00AM - 5:00PM
petr,sunday,8:30AM - 4:30PM
petr,monday,8:30AM - 4:30PM
petr,tuesday,8:30AM - 4:30PM
petr,wednesday,8:30AM - 4:30PM
petr,thursday,8:30AM - 4:30PM
petr,friday,8:30AM - 4:30PM
petr,saturday,8:30AM - 4:30PM
piro,sunday,All Day
piro,monday,All Day
piro,tuesday,All Day
piro,wednesday,All Day
piro,thursday,All Day
piro,friday,All Day
piro,saturday,All Day
pinn,sunday,All Day
pinn,monday,All Day
pinn,tuesday,All Day
pinn,wednesday,All Day
pinn,thursday,All Day
pinn,friday,All Day
pinn,saturday,All Day
pisp,sunday,8:30AM - 4:30PM
pisp,monday,8:30AM - 4:30PM
pisp,tuesday,8:30AM - 4:30PM
pisp,wednesday,8:30AM - 4:30PM
pisp,thursday,8:30AM - 4:30PM
pisp,friday,8:30AM - 4:30PM
pisp,saturday,8:30AM - 4:30PM
pipe,sunday,All Day
pipe,monday,All Day
pipe,tuesday,All Day
pipe,wednesday,All Day
pipe,thursday,All Day
pipe,friday,All Day
pipe,saturday,All Day
pisc,sunday,Sunrise to Sunset
pisc,monday,Sunrise to Sunset
pisc,tuesday,Sunrise to Sunset
pisc,wednesday,Sunrise to Sunset
pisc,thursday,Sunrise to Sunset
pisc,friday,Sunrise to Sunset
pisc,saturday,Sunrise to Sunset
pore,sunday,Opens at 6:00AM
pore,monday,Opens at 6:00AM
pore,tuesday,Opens at 6:00AM
pore,wednesday,Opens at 6:00AM
pore,thursday,Opens at 6:00AM
pore,friday,Opens at 6:00AM
pore,saturday,Opens at 6:00AM
poex,sunday,All Day
poex,monday,All Day
poex,tuesday,All Day
poex,wednesday,All Day
poex,thursday,All Day
poex,friday,All Day
poex,saturday,All Day
poch,sunday,All Day
poch,monday,All Day
poch,tuesday,All Day
poch,wednesday,All Day
poch,thursday,All Day
poch,friday,All Day
poch,saturday,All Day
pohe,sunday,All Day
pohe,monday,All Day
pohe,tuesday,All Day
pohe,wednesday,All Day
pohe,thursday,All Day
pohe,friday,All Day
pohe,saturday,All Day
popo,sunday,9:00AM - 5:00PM
popo,monday,9:00AM - 5:00PM
popo,tuesday,9:00AM - 5:00PM
popo,wednesday,9:00AM - 5:00PM
popo,thursday,9:00AM - 5:00PM
popo,friday,9:00AM - 5:00PM
popo,saturday,9:00AM - 5:00PM
wicl,sunday,9:00AM - 4:30PM
wicl,monday,9:00AM - 4:30PM
wicl,tuesday,9:00AM - 4:30PM
wicl,wednesday,9:00AM - 4:30PM
wicl,thursday,9:00AM - 4:30PM
wicl,friday,9:00AM - 4:30PM
wicl,saturday,9:00AM - 4:30PM
whho,sunday,All Day
whho,monday,All Day
whho,tuesday,All Day
whho,wednesday,All Day
whho,thursday,All Day
whho,friday,All Day
whho,saturday,All Day
prsf,sunday,All Day
prsf,monday,All Day
prsf,tuesday,All Day
prsf,wednesday,All Day
prsf,thursday,All Day
prsf,friday,All Day
prsf,saturday,All Day
prwi,sunday,Sunrise to Sunset
prwi,monday,Sunrise to Sunset
prwi,tuesday,Sunrise to Sunset
prwi,wednesday,Sunrise to Sunset
prwi,thursday,Sunrise to Sunset
prwi,friday,Sunrise to Sunset
prwi,saturday,Sunrise to Sunset
pull,sunday,9:00AM - 5:00PM
pull,monday,9:00AM - 5:00PM
pull,tuesday,9:00AM - 5:00PM
pull,wednesday,9:00AM - 5:00PM
pull,thursday,9:00AM - 5:00PM
pull,friday,9:00AM - 5:00PM
pull,saturday,9:00AM - 5:00PM
puho,sunday,8:15AM - Sunset
puho,monday,8:15AM - Sunset
puho,tuesday,8:15AM - Sunset
puho,wednesday,8:15AM - Sunset
puho,thursday,8:15AM - Sunset
puho,friday,8:15AM - Sunset
puho,saturday,8:15AM - Sunset
puhe,sunday,7:30AM - 5:00PM
puhe,monday,7:30AM - 5:00PM
puhe,tuesday,7:30AM - 5:00PM
puhe,wednesday,7:30AM - 5:00PM
puhe,thursday,7:30AM - 5:00PM
puhe,friday,7:30AM - 5:00PM
puhe,saturday,7:30AM - 5:00PM
rabr,sunday,Sunrise to Sunset
rabr,monday,Sunrise to Sunset
rabr,tuesday,Sunrise to Sunset
rabr,wednesday,Sunrise to Sunset
rabr,thursday,Sunrise to Sunset
rabr,friday,Sunrise to Sunset
rabr,saturday,Sunrise to Sunset
reer,sunday,Closed
reer,monday,Closed
reer,tuesday,10:00AM - 4:00PM
reer,wednesday,10:00AM - 4:00PM
reer,thursday,10:00AM - 4:00PM
reer,friday,10:00AM - 4:00PM
reer,saturday,10:00AM - 4:00PM
redw,sunday,All Day
redw,monday,All Day
redw,tuesday,All Day
redw,wednesday,All Day
redw,thursday,All Day
redw,friday,All Day
redw,saturday,All Day
rich,sunday,9:00AM - 4:30PM
rich,monday,Closed
rich,tuesday,Closed
rich,wednesday,9:00AM - 4:30PM
rich,thursday,9:00AM - 4:30PM
rich,friday,9:00AM - 4:30PM
rich,saturday,9:00AM - 4:30PM
rigr,sunday,All Day
rigr,monday,All Day
rigr,tuesday,All Day
rigr,wednesday,All Day
rigr,thursday,All Day
rigr,friday,All Day
rigr,saturday,All Day
rira,sunday,10:00AM - 6:00PM
rira,monday,10:00AM - 6:00PM
rira,tuesday,10:00AM - 6:00PM
rira,wednesday,10:00AM - 6:00PM
rira,thursday,10:00AM - 6:00PM
rira,friday,10:00AM - 6:00PM
rira,saturday,10:00AM - 6:00PM
rocr,sunday,Sunrise to Sunset
rocr,monday,Sunrise to Sunset
rocr,tuesday,Sunrise to Sunset
rocr,wednesday,Sunrise to Sunset
rocr,thursday,Sunrise to Sunset
rocr,friday,Sunrise to Sunset
rocr,saturday,Sunrise to Sunset
romo,sunday,All Day
romo,monday,All Day
romo,tuesday,All Day
romo,wednesday,All Day
romo,thursday,All Day
romo,friday,All Day
romo,saturday,All Day
rowi,sunday,All Day
rowi,monday,All Day
rowi,tuesday,All Day
rowi,wednesday,All Day
rowi,thursday,All Day
rowi,friday,All Day
rowi,saturday,All Day
roca,sunday,Sunrise to Sunset
roca,monday,Sunrise to Sunset
roca,tuesday,Sunrise to Sunset
roca,wednesday,Sunrise to Sunset
roca,thursday,Sunrise to Sunset
roca,friday,Sunrise to Sunset
roca,saturday,Sunrise to Sunset
rori,sunday,10:00AM - 5:00PM
rori,monday,10:00AM - 5:00PM
rori,tuesday,10:00AM - 5:00PM
rori,wednesday,10:00AM - 5:00PM
rori,thursday,10:00AM - 5:00PM
rori,friday,10:00AM - 5:00PM
rori,saturday,10:00AM - 5:00PM
ruca,sunday,8:00AM - 4:30PM
ruca,monday,8:00AM - 4:30PM
ruca,tuesday,8:00AM - 4:30PM
ruca,wednesday,8:00AM - 4:30PM
ruca,thursday,8:00AM - 4:30PM
ruca,friday,8:00AM - 4:30PM
ruca,saturday,8:00AM - 4:30PM
sahi,sunday,Sunrise to Sunset
sahi,monday,Sunrise to Sunset
sahi,tuesday,Sunrise to Sunset
sahi,wednesday,Sunrise to Sunset
sahi,thursday,Sunrise to Sunset
sahi,friday,Sunrise to Sunset
sahi,saturday,Sunrise to Sunset
sagu,sunday,9:00AM - 5:00PM
sagu,monday,9:00AM - 5:00PM
sagu,tuesday,9:00AM - 5:00PM
sagu,wednesday,9:00AM - 5:00PM
sagu,thursday,9:00AM - 5:00PM
sagu,friday,9:00AM - 5:00PM
sagu,saturday,9:00AM - 5:00PM
sacr,sunday,9:00AM - 5:00PM
sacr,monday,9:00AM - 5:00PM
sacr,tuesday,Closed
sacr,wednesday,Closed
sacr,thursday,9:00AM - 5:00PM
sacr,friday,9:00AM - 5:00PM
sacr,saturday,9:00AM - 5:00PM
sacn,sunday,All Day
sacn,monday,All Day
sacn,tuesday,All Day
sacn,wednesday,All Day
sacn,thursday,All Day
sacn,friday,All Day
sacn,saturday,All Day
sapa,sunday,Closed
sapa,monday,Closed
sapa,tuesday,9:00AM - 5:00PM
sapa,wednesday,9:00AM - 5:00PM
sapa,thursday,9:00AM - 5:00PM
sapa,friday,9:00AM - 5:00PM
sapa,saturday,9:00AM - 5:00PM
saga,sunday,9:00AM - 4:30PM
saga,monday,9:00AM - 4:30PM
saga,tuesday,9:00AM - 4:30PM
saga,wednesday,9:00AM - 4:30PM
saga,thursday,9:00AM - 4:30PM
saga,friday,9:00AM - 4:30PM
saga,saturday,9:00AM - 4:30PM
sama,sunday,All Day
sama,monday,All Day
sama,tuesday,All Day
sama,wednesday,All Day
sama,thursday,All Day
sama,friday,All Day
sama,saturday,All Day
sapu,sunday,9:00AM - 5:00PM
sapu,monday,9:00AM - 5:00PM
sapu,tuesday,9:00AM - 5:00PM
sapu,wednesday,9:00AM - 5:00PM
sapu,thursday,9:00AM - 5:00PM
sapu,friday,9:00AM - 5:00PM
sapu,saturday,9:00AM - 5:00PM
sari,sunday,unknown
sari,monday,unknown
sari,tuesday,unknown
sari,wednesday,unknown
sari,thursday,unknown
sari,friday,unknown
sari,saturday,unknown
saan,sunday,Sunrise to Sunset
saan,monday,Sunrise to Sunset
saan,tuesday,Sunrise to Sunset
saan,wednesday,Sunrise to Sunset
saan,thursday,Sunrise to Sunset
saan,friday,Sunrise to Sunset
saan,saturday,Sunrise to Sunset
safr,sunday,10:00AM - 4:00PM
safr,monday,10:00AM - 4:00PM
safr,tuesday,10:00AM - 4:00PM
safr,wednesday,10:00AM - 4:00PM
safr,thursday,10:00AM - 4:00PM
safr,friday,10:00AM - 4:00PM
safr,saturday,10:00AM - 4:00PM
sajh,sunday,All Day
sajh,monday,All Day
sajh,tuesday,All Day
sajh,wednesday,All Day
sajh,thursday,All Day
sajh,friday,All Day
sajh,saturday,All Day
saju,sunday,9:30AM - 4:30PM
saju,monday,9:30AM - 4:30PM
saju,tuesday,9:30AM - 4:30PM
saju,wednesday,9:30AM - 4:30PM
saju,thursday,9:30AM - 4:30PM
saju,friday,9:30AM - 4:30PM
saju,saturday,9:30AM - 4:30PM
sand,sunday,9:00AM - 4:00PM
sand,monday,9:00AM - 4:00PM
sand,tuesday,Closed
sand,wednesday,Closed
sand,thursday,9:00AM - 4:00PM
sand,friday,9:00AM - 4:00PM
sand,saturday,9:00AM - 4:00PM
safe,sunday,All Day
safe,monday,All Day
safe,tuesday,All Day
safe,wednesday,All Day
safe,thursday,All Day
safe,friday,All Day
safe,saturday,All Day
samo,sunday,All Day
samo,monday,All Day
samo,tuesday,All Day
samo,wednesday,All Day
samo,thursday,All Day
samo,friday,All Day
samo,saturday,All Day
sara,sunday,Closed
sara,monday,Closed
sara,tuesday,Closed
sara,wednesday,Closed
sara,thursday,Closed
sara,friday,Closed
sara,saturday,Closed
sair,sunday,All Day
sair,monday,All Day
sair,tuesday,All Day
sair,wednesday,All Day
sair,thursday,All Day
sair,friday,All Day
sair,saturday,All Day
scbl,sunday,Sunrise to Sunset
scbl,monday,Sunrise to Sunset
scbl,tuesday,Sunrise to Sunset
scbl,wednesday,Sunrise to Sunset
scbl,thursday,Sunrise to Sunset
scbl,friday,Sunrise to Sunset
scbl,saturday,Sunrise to Sunset
semo,sunday,Closed
semo,monday,Closed
semo,tuesday,Closed
semo,wednesday,Closed
semo,thursday,Closed
semo,friday,9:00AM - 4:30PM
semo,saturday,9:00AM - 4:30PM
seki,sunday,All Day
seki,monday,All Day
seki,tuesday,All Day
seki,wednesday,All Day
seki,thursday,All Day
seki,friday,All Day
seki,saturday,All Day
shen,sunday,All Day
shen,monday,All Day
shen,tuesday,All Day
shen,wednesday,All Day
shen,thursday,All Day
shen,friday,All Day
shen,saturday,All Day
shil,sunday,Sunrise to Sunset
shil,monday,Sunrise to Sunset
shil,tuesday,Sunrise to Sunset
shil,wednesday,Sunrise to Sunset
shil,thursday,Sunrise to Sunset
shil,friday,Sunrise to Sunset
shil,saturday,Sunrise to Sunset
sitk,sunday,6:00AM - 10:00PM
sitk,monday,6:00AM - 10:00PM
sitk,tuesday,6:00AM - 10:00PM
sitk,wednesday,6:00AM - 10:00PM
sitk,thursday,6:00AM - 10:00PM
sitk,friday,6:00AM - 10:00PM
sitk,saturday,6:00AM - 10:00PM
slbe,sunday,All Day
slbe,monday,All Day
slbe,tuesday,All Day
slbe,wednesday,All Day
slbe,thursday,All Day
slbe,friday,All Day
slbe,saturday,All Day
spar,sunday,9:30AM - 4:00PM
spar,monday,Closed
spar,tuesday,Closed
spar,wednesday,9:30AM - 4:00PM
spar,thursday,9:30AM - 4:00PM
spar,friday,9:30AM - 4:00PM
spar,saturday,9:30AM - 4:00PM
stsp,sunday,9:00AM - 5:00PM
stsp,monday,Closed
stsp,tuesday,Closed
stsp,wednesday,9:00AM - 5:00PM
stsp,thursday,9:00AM - 5:00PM
stsp,friday,9:00AM - 5:00PM
stsp,saturday,9:00AM - 5:00PM
stli,sunday,9:30AM - 4:30PM
stli,monday,9:30AM - 4:30PM
stli,tuesday,9:30AM - 4:30PM
stli,wednesday,9:30AM - 4:30PM
stli,thursday,9:30AM - 4:30PM
stli,friday,9:30AM - 4:30PM
stli,saturday,9:30AM - 4:30PM
stge,sunday,9:00AM - 5:00PM
stge,monday,9:00AM - 5:00PM
stge,tuesday,9:00AM - 5:00PM
stge,wednesday,9:00AM - 5:00PM
stge,thursday,9:00AM - 5:00PM
stge,friday,9:00AM - 5:00PM
stge,saturday,9:00AM - 5:00PM
stea,sunday,9:00AM - 5:00PM
stea,monday,9:00AM - 5:00PM
stea,tuesday,9:00AM - 5:00PM
stea,wednesday,9:00AM - 5:00PM
stea,thursday,9:00AM - 5:00PM
stea,friday,9:00AM - 5:00PM
stea,saturday,9:00AM - 5:00PM
stri,sunday,8:00AM - 5:00PM
stri,monday,8:00AM - 5:00PM
stri,tuesday,8:00AM - 5:00PM
stri,wednesday,8:00AM - 5:00PM
stri,thursday,8:00AM - 5:00PM
stri,friday,8:00AM - 5:00PM
stri,saturday,8:00AM - 5:00PM
sucr,sunday,Sunrise to Sunset
sucr,monday,Sunrise to Sunset
sucr,tuesday,Sunrise to Sunset
sucr,wednesday,Sunrise to Sunset
sucr,thursday,Sunrise to Sunset
sucr,friday,Sunrise to Sunset
sucr,saturday,Sunrise to Sunset
tapr,sunday,All Day
tapr,monday,All Day
tapr,tuesday,All Day
tapr,wednesday,All Day
tapr,thursday,All Day
tapr,friday,All Day
tapr,saturday,All Day
thko,sunday,Closed
thko,monday,Closed
thko,tuesday,Closed
thko,wednesday,Closed
thko,thursday,Closed
thko,friday,Closed
thko,saturday,Closed
thrb,sunday,9:00AM - 5:00PM
thrb,monday,Closed
thrb,tuesday,Closed
thrb,wednesday,9:00AM - 5:00PM
thrb,thursday,9:00AM - 5:00PM
thrb,friday,9:00AM - 5:00PM
thrb,saturday,9:00AM - 5:00PM
thri,sunday,12:00PM - 5:00PM
thri,monday,9:00AM - 5:00PM
thri,tuesday,9:00AM - 8:00PM
thri,wednesday,9:00AM - 5:00PM
thri,thursday,9:00AM - 5:00PM
thri,friday,9:00AM - 5:00PM
thri,saturday,12:00PM - 5:00AM
this,sunday,6:00AM - 10:00PM
this,monday,6:00AM - 10:00PM
this,tuesday,6:00AM - 10:00PM
this,wednesday,6:00AM - 10:00PM
this,thursday,6:00AM - 10:00PM
this,friday,6:00AM - 10:00PM
this,saturday,6:00AM - 10:00PM
thro,sunday,All Day
thro,monday,All Day
thro,tuesday,All Day
thro,wednesday,All Day
thro,thursday,All Day
thro,friday,All Day
thro,saturday,All Day
thco,sunday,All Day
thco,monday,All Day
thco,tuesday,All Day
thco,wednesday,All Day
thco,thursday,All Day
thco,friday,All Day
thco,saturday,All Day
edis,sunday,10:00AM - 4:00PM
edis,monday,Closed
edis,tuesday,Closed
edis,wednesday,Closed
edis,thursday,Closed
edis,friday,10:00AM - 4:00PM
edis,saturday,10:00AM - 4:00PM
thje,sunday,All Day
thje,monday,All Day
thje,tuesday,All Day
thje,wednesday,All Day
thje,thursday,All Day
thje,friday,All Day
thje,saturday,All Day
thst,sunday,10:00AM - 4:00PM
thst,monday,Closed
thst,tuesday,Closed
thst,wednesday,Closed
thst,thursday,10:00AM - 4:00PM
thst,friday,10:00AM - 4:00PM
thst,saturday,10:00AM - 4:00PM
tica,sunday,Sunrise to Sunset
tica,monday,Sunrise to Sunset
tica,tuesday,Sunrise to Sunset
tica,wednesday,Sunrise to Sunset
tica,thursday,Sunrise to Sunset
tica,friday,Sunrise to Sunset
tica,saturday,Sunrise to Sunset
timu,sunday,9:00AM - 5:00PM
timu,monday,Closed
timu,tuesday,Closed
timu,wednesday,9:00AM - 5:00PM
timu,thursday,9:00AM - 5:00PM
timu,friday,9:00AM - 5:00PM
timu,saturday,9:00AM - 5:00PM
tont,sunday,8:00AM - 5:00PM
tont,monday,8:00AM - 5:00PM
tont,tuesday,8:00AM - 5:00PM
tont,wednesday,8:00AM - 5:00PM
tont,thursday,8:00AM - 5:00PM
tont,friday,8:00AM - 5:00PM
tont,saturday,8:00AM - 5:00PM
tosy,sunday,All Day
tosy,monday,All Day
tosy,tuesday,All Day
tosy,wednesday,All Day
tosy,thursday,All Day
tosy,friday,All Day
tosy,saturday,All Day
trte,sunday,All Day
trte,monday,All Day
trte,tuesday,All Day
trte,wednesday,All Day
trte,thursday,All Day
trte,friday,All Day
trte,saturday,All Day
tule,sunday,9:00AM - 5:00PM
tule,monday,9:00AM - 5:00PM
tule,tuesday,Closed
tule,wednesday,Closed
tule,thursday,9:00AM - 5:00PM
tule,friday,9:00AM - 5:00PM
tule,saturday,9:00AM - 5:00PM
tusk,sunday,Sunrise to Sunset
tusk,monday,Sunrise to Sunset
tusk,tuesday,Sunrise to Sunset
tusk,wednesday,Sunrise to Sunset
tusk,thursday,Sunrise to Sunset
tusk,friday,Sunrise to Sunset
tusk,saturday,Sunrise to Sunset
tuma,sunday,9:00AM - 5:00PM
tuma,monday,9:00AM - 5:00PM
tuma,tuesday,9:00AM - 5:00PM
tuma,wednesday,9:00AM - 5:00PM
tuma,thursday,9:00AM - 5:00PM
tuma,friday,9:00AM - 5:00PM
tuma,saturday,9:00AM - 5:00PM
tupe,sunday,Sunrise to Sunset
tupe,monday,Sunrise to Sunset
tupe,tuesday,Sunrise to Sunset
tupe,wednesday,Sunrise to Sunset
tupe,thursday,Sunrise to Sunset
tupe,friday,Sunrise to Sunset
tupe,saturday,Sunrise to Sunset
tuai,sunday,Closed
tuai,monday,9:00AM - 4:30PM
tuai,tuesday,9:00PM - 4:30PM
tuai,wednesday,9:00PM - 4:30PM
tuai,thursday,9:00PM - 4:30PM
tuai,friday,9:00PM - 4:30PM
tuai,saturday,9:00AM - 4:30PM
tuin,sunday,Closed
tuin,monday,9:00AM - 4:30PM
tuin,tuesday,9:00AM - 4:30PM
tuin,wednesday,9:00AM - 4:30PM
tuin,thursday,9:00AM - 4:30PM
tuin,friday,9:00AM - 4:30PM
tuin,saturday,9:00AM - 4:30PM
tuzi,sunday,8:00AM - 5:00PM
tuzi,monday,8:00AM - 5:00PM
tuzi,tuesday,8:00AM - 5:00PM
tuzi,wednesday,8:00AM - 5:00PM
tuzi,thursday,8:00AM - 5:00PM
tuzi,friday,8:00AM - 5:00PM
tuzi,saturday,8:00AM - 5:00PM
ulsg,sunday,9:00AM - 5:00PM
ulsg,monday,9:00AM - 5:00PM
ulsg,tuesday,9:00AM - 5:00PM
ulsg,wednesday,9:00AM - 5:00PM
ulsg,thursday,9:00AM - 5:00PM
ulsg,friday,9:00AM - 5:00PM
ulsg,saturday,9:00AM - 5:00PM
upde,sunday,All Day
upde,monday,All Day
upde,tuesday,All Day
upde,wednesday,All Day
upde,thursday,All Day
upde,friday,All Day
upde,saturday,All Day
vall,sunday,8:00AM - 6:00PM
vall,monday,8:00AM - 6:00PM
vall,tuesday,8:00AM - 6:00PM
vall,wednesday,8:00AM - 6:00PM
vall,thursday,8:00AM - 6:00PM
vall,friday,8:00AM - 6:00PM
vall,saturday,8:00AM - 6:00PM
vafo,sunday,7:00AM - Sunset
vafo,monday,7:00AM - Sunset
vafo,tuesday,7:00AM - Sunset
vafo,wednesday,7:00AM - Sunset
vafo,thursday,7:00AM - Sunset
vafo,friday,7:00AM - Sunset
vafo,saturday,7:00AM - Sunset
vama,sunday,8:00AM - Sunset
vama,monday,8:00AM - Sunset
vama,tuesday,8:00AM - Sunset
vama,wednesday,8:00AM - Sunset
vama,thursday,8:00AM - Sunset
vama,friday,8:00AM - Sunset
vama,saturday,8:00AM - Sunset
vick,sunday,8:30AM - 4:30PM
vick,monday,8:30AM - 4:30PM
vick,tuesday,8:30AM - 4:30PM
vick,wednesday,8:30AM - 4:30PM
vick,thursday,8:30AM - 4:30PM
vick,friday,8:30AM - 4:30PM
vick,saturday,8:30AM - 4:30PM
vive,sunday,All Day
vive,monday,All Day
vive,tuesday,All Day
vive,wednesday,All Day
vive,thursday,All Day
vive,friday,All Day
vive,saturday,All Day
vicr,sunday,All Day
vicr,monday,All Day
vicr,tuesday,All Day
vicr,wednesday,All Day
vicr,thursday,All Day
vicr,friday,All Day
vicr,saturday,All Day
viis,sunday,Closed
viis,monday,9:00AM - 3:00PM
viis,tuesday,9:00AM - 3:00PM
viis,wednesday,9:00AM - 3:00PM
viis,thursday,9:00AM - 3:00PM
viis,friday,9:00AM - 3:00PM
viis,saturday,Closed
voya,sunday,All Day
voya,monday,All Day
voya,tuesday,All Day
voya,wednesday,All Day
voya,thursday,All Day
voya,friday,All Day
voya,saturday,All Day
waco,sunday,9:00AM - 5:00PM
waco,monday,9:00AM - 5:00PM
waco,tuesday,9:00AM - 5:00PM
waco,wednesday,9:00AM - 5:00PM
waco,thursday,9:00AM - 5:00PM
waco,friday,9:00AM - 5:00PM
waco,saturday,9:00AM - 5:00PM
waca,sunday,9:00AM - 4:30PM
waca,monday,9:00AM - 4:30PM
waca,tuesday,9:00AM - 4:30PM
waca,wednesday,9:00AM - 4:30PM
waca,thursday,9:00AM - 4:30PM
waca,friday,9:00AM - 4:30PM
waca,saturday,9:00AM - 4:30PM
wapa,sunday,All Day
wapa,monday,All Day
wapa,tuesday,All Day
wapa,wednesday,All Day
wapa,thursday,All Day
wapa,friday,All Day
wapa,saturday,All Day
wamo,sunday,9:00AM - 5:00PM
wamo,monday,9:00AM - 5:00PM
wamo,tuesday,9:00AM - 5:00PM
wamo,wednesday,9:00AM - 5:00PM
wamo,thursday,9:00AM - 5:00PM
wamo,friday,9:00AM - 5:00PM
wamo,saturday,9:00AM - 5:00PM
waro,sunday,All Day
waro,monday,All Day
waro,tuesday,All Day
waro,wednesday,All Day
waro,thursday,All Day
waro,friday,All Day
waro,saturday,All Day
waba,sunday,Sunrise to Sunset
waba,monday,Sunrise to Sunset
waba,tuesday,Sunrise to Sunset
waba,wednesday,Sunrise to Sunset
waba,thursday,Sunrise to Sunset
waba,friday,Sunrise to Sunset
waba,saturday,Sunrise to Sunset
wefa,sunday,Sunrise to Sunset
wefa,monday,Sunrise to Sunset
wefa,tuesday,Sunrise to Sunset
wefa,wednesday,Sunrise to Sunset
wefa,thursday,Sunrise to Sunset
wefa,friday,Sunrise to Sunset
wefa,saturday,Sunrise to Sunset
whis,sunday,All Day
whis,monday,All Day
whis,tuesday,All Day
whis,wednesday,All Day
whis,thursday,All Day
whis,friday,All Day
whis,saturday,All Day
whsa,sunday,7:00AM - 8:00PM
whsa,monday,7:00AM - 8:00PM
whsa,tuesday,7:00AM - 8:00PM
whsa,wednesday,7:00AM - 8:00PM
whsa,thursday,7:00AM - 8:00PM
whsa,friday,7:00AM - 8:00PM
whsa,saturday,7:00AM - 8:00PM
whmi,sunday,Sunrise to Sunset
whmi,monday,Sunrise to Sunset
whmi,tuesday,Sunrise to Sunset
whmi,wednesday,Sunrise to Sunset
whmi,thursday,Sunrise to Sunset
whmi,friday,Sunrise to Sunset
whmi,saturday,Sunrise to Sunset
wiho,sunday,Sunrise to Sunset
wiho,monday,Sunrise to Sunset
wiho,tuesday,Sunrise to Sunset
wiho,wednesday,Sunrise to Sunset
wiho,thursday,Sunrise to Sunset
wiho,friday,Sunrise to Sunset
wiho,saturday,Sunrise to Sunset
wicr,sunday,7:00AM - 9:00PM
wicr,monday,7:00AM - 9:00PM
wicr,tuesday,7:00AM - 9:00PM
wicr,wednesday,7:00AM - 9:00PM
wicr,thursday,7:00AM - 9:00PM
wicr,friday,7:00AM - 9:00PM
wicr,saturday,7:00AM - 9:00PM
wica,sunday,All Day
wica,monday,All Day
wica,tuesday,All Day
wica,wednesday,All Day
wica,thursday,All Day
wica,friday,All Day
wica,saturday,All Day
wing,sunday,10:00AM - 5:00PM
wing,monday,Closed
wing,tuesday,Closed
wing,wednesday,Closed
wing,thursday,10:00AM - 5:00PM
wing,friday,10:00AM - 5:00PM
wing,saturday,10:00AM - 5:00PM
wotr,sunday,Sunrise to Sunset
wotr,monday,Sunrise to Sunset
wotr,tuesday,Sunrise to Sunset
wotr,wednesday,Sunrise to Sunset
wotr,thursday,Sunrise to Sunset
wotr,friday,Sunrise to Sunset
wotr,saturday,Sunrise to Sunset
wori,sunday,9:00AM - 5:00PM
wori,monday,9:00AM - 5:00PM
wori,tuesday,9:00AM - 5:00PM
wori,wednesday,9:00AM - 5:00PM
wori,thursday,9:00AM - 5:00PM
wori,friday,9:00AM - 5:00PM
wori,saturday,9:00AM - 5:00PM
wwim,sunday,All Day
wwim,monday,All Day
wwim,tuesday,All Day
wwim,wednesday,All Day
wwim,thursday,All Day
wwim,friday,All Day
wwim,saturday,All Day
wwii,sunday,All Day
wwii,monday,All Day
wwii,tuesday,All Day
wwii,wednesday,All Day
wwii,thursday,All Day
wwii,friday,All Day
wwii,saturday,All Day
wrst,sunday,Closed
wrst,monday,Closed
wrst,tuesday,Closed
wrst,wednesday,Closed
wrst,thursday,Closed
wrst,friday,Closed
wrst,saturday,Closed
wrbr,sunday,9:00AM - 5:00PM
wrbr,monday,9:00AM - 5:00PM
wrbr,tuesday,9:00AM - 5:00PM
wrbr,wednesday,9:00AM - 5:00PM
wrbr,thursday,9:00AM - 5:00PM
wrbr,friday,9:00AM - 5:00PM
wrbr,saturday,9:00AM - 5:00PM
wupa,sunday,Sunrise to Sunset
wupa,monday,Sunrise to Sunset
wupa,tuesday,Sunrise to Sunset
wupa,wednesday,Sunrise to Sunset
wupa,thursday,Sunrise to Sunset
wupa,friday,Sunrise to Sunset
wupa,saturday,Sunrise to Sunset
yell,sunday,All Day
yell,monday,All Day
yell,tuesday,All Day
yell,wednesday,All Day
yell,thursday,All Day
yell,friday,All Day
yell,saturday,All Day
york,sunday,9:00AM - 5:00PM
york,monday,9:00AM - 5:00PM
york,tuesday,9:00AM - 5:00PM
york,wednesday,9:00AM - 5:00PM
york,thursday,9:00AM - 5:00PM
york,friday,9:00AM - 5:00PM
york,saturday,9:00AM - 5:00PM
yose,sunday,All Day
yose,monday,All Day
yose,tuesday,All Day
yose,wednesday,All Day
yose,thursday,All Day
yose,friday,All Day
yose,saturday,All Day
yuho,sunday,All Day
yuho,monday,All Day
yuho,tuesday,All Day
yuho,wednesday,All Day
yuho,thursday,All Day
yuho,friday,All Day
yuho,saturday,All Day
yuch,sunday,All Day
yuch,monday,All Day
yuch,tuesday,All Day
yuch,wednesday,All Day
yuch,thursday,All Day
yuch,friday,All Day
yuch,saturday,All Day
zion,sunday,All Day
zion,monday,All Day
zion,tuesday,All Day
zion,wednesday,All Day
zion,thursday,All Day
zion,friday,All Day
zion,saturday,All Day
